Medlemsnummer,Postnummer,Postort,Land
3318378,1000,Bryssel,Belgien
3318377,1000,Bryssel,Belgien
3318343,1000,Brussels,Belgien
3318379,1030,Bruxelles,Belgien
3318342,1190,Forest,Belgien
3243851,2200,København N,Danmark
3395008,3020,"Meycauayan City, Bulacan",Filippinerna
3230420,9010,TROMSØ,Norge
3134273,9010,TROMSØ,Norge
3322755,22605,Hamburg,Tyskland
3379002,111 38,Stockholm,Sverige
3287235,112 15,Stockholm,Sverige
3357496,112 23,Stockholm,Sverige
3124993,112 31,Stockholm,Sverige
3442600,112 33,Stockholm,Sverige
3341209,112 43,Stockholm,Sverige
3408574,112 44,Stockholm,Sverige
3203814,112 47,Stockholm,Sverige
3347257,112 54,Stockholm,Sverige
3002122,112 55,Stockholm,Sverige
3295994,112 56,Stockholm,Sverige
3219130,112 59,Stockholm,Sverige
3300924,112 64,Stockholm,Sverige
3341389,112 64,Stockholm,Sverige
3321160,113 23,Stockholm,Sverige
3336955,113 23,Stockholm,Sverige
3422252,113 26,Stockholm,Sverige
3396652,113 26,Stockholm,Sverige
3138636,113 35,Stockholm,Sverige
3353519,113 45,Stockholm,Sverige
3387739,113 47,Stockholm,Sverige
3396218,113 47,Stockholm,Sverige
3325927,113 48,Stockholm,Sverige
3360405,113 49,Stockholm,Sverige
3335097,113 51,Stockholm,Sverige
3323053,113 52,Stockholm,Sverige
3369579,113 52,Stockholm,Sverige
3321563,113 53,Stockholm,Sverige
3417167,113 61,Stockholm,Sverige
3323205,113 62,Stockholm,Sverige
3321478,113 62,Stockholm,Sverige
3388092,113 67,Stockholm,Sverige
3379776,114 21,Stockholm,Sverige
3371304,114 30,Stockholm,Sverige
3412855,114 32,Stockholm,Sverige
3345188,114 59,Stockholm,Sverige
3345186,115 20,Stockholm,Sverige
3268460,115 24,Stockholm,Sverige
3324175,115 25,Stockholm,Sverige
3369485,115 36,Stockholm,Sverige
3143205,115 50,Stockholm,Sverige
3237548,115 51,Stockholm,Sverige
3363338,115 51,Stockholm,Sverige
3362761,116 20,Stockholm,Sverige
3354216,116 22,Stockholm,Sverige
3328147,116 24,Stockholm,Sverige
3341118,116 32,Stockholm,Sverige
3431145,116 33,Stockholm,Sverige
3364994,116 40,Stockholm,Sverige
3371613,116 47,Stockholm,Sverige
3326812,116 68,Stockholm,Sverige
3357155,117 26,Stockholm,Sverige
3497168,117 27,Stockholm,Sverige
3323853,117 27,Stockholm,Sverige
3385772,117 28,Stockholm,Sverige
3382325,117 28,Stockholm,Sverige
3183895,117 28,Stockholm,Sverige
3322606,117 30,Stockholm,Sverige
3369359,117 31,Stockholm,Sverige
3390663,117 31,Stockholm,Sverige
3322672,117 31,Stockholm,Sverige
3360649,117 40,Stockholm,Sverige
3336962,117 41,Stockholm,Sverige
3336961,117 41,Stockholm,Sverige
3358691,117 41,Stockholm,Sverige
3337455,117 50,Stockholm,Sverige
3326029,117 50,Stockholm,Sverige
3307302,117 56,Stockholm,Sverige
3342913,117 58,Stockholm,Sverige
3383613,117 59,Stockholm,Sverige
3340871,117 59,Stockholm,Sverige
3324555,117 59,Stockholm,Sverige
3407118,117 61,Stockholm,Sverige
3358801,117 67,Stockholm,Sverige
3357350,117 68,Stockholm,Sverige
3329491,117 69,Stockholm,Sverige
3372797,117 69,Stockholm,Sverige
3308106,117 69,Stockholm,Sverige
3278702,117 69,Stockholm,Sverige
3406312,117 71,Stockholm,Sverige
3290511,118 23,Stockholm,Sverige
3363845,118 23,Stockholm,Sverige
3362661,118 23,Stockholm,Sverige
3331769,118 26,Stockholm,Sverige
3331768,118 26,Stockholm,Sverige
3427826,118 27,Stockholm,Sverige
3421824,118 42,Stockholm,Sverige
3388747,118 42,Stockholm,Sverige
3338205,118 48,Stockholm,Sverige
3338226,118 48,Stockholm,Sverige
3341954,118 48,Stockholm,Sverige
3368401,118 51,Stockholm,Sverige
3385053,118 52,Stockholm,Sverige
3143842,118 53,Stockholm,Sverige
3322680,118 53,Stockholm,Sverige
3491723,118 53,Stockholm,Sverige
3341057,118 55,Stockholm,Sverige
3365757,118 55,Stockholm,Sverige
3325450,118 56,Stockholm,Sverige
3331779,118 58,Stockholm,Sverige
3430999,118 58,Stockholm,Sverige
3321603,118 58,Stockholm,Sverige
3198609,118 63,Stockholm,Sverige
3330072,118 63,Stockholm,Sverige
3373751,118 63,Stockholm,Sverige
3366455,118 63,Stockholm,Sverige
3316713,118 64,Stockholm,Sverige
3363233,118 64,Stockholm,Sverige
3339509,120 38,Årsta,Sverige
3373011,120 39,Årsta,Sverige
3330959,120 47,Enskede,Sverige
3440795,120 48,Enskede gård,Sverige
3338219,120 50,Årsta,Sverige
3359195,120 51,Årsta,Sverige
3318720,120 51,Årsta,Sverige
3358665,120 51,Årsta,Sverige
3451484,120 53,Årsta,Sverige
3139723,120 53,Årsta,Sverige
3362904,120 53,Årsta,Sverige
3342728,120 53,Årsta,Sverige
3371816,120 56,Årsta,Sverige
3366262,120 56,Årsta,Sverige
3317732,120 56,Årsta,Sverige
3363993,120 57,Årsta,Sverige
3368964,120 65,Stockohlm,Sverige
3385953,120 70,Stockholm,Sverige
3361489,120 70,Stockholm,Sverige
3447199,121 32,Enskededalen,Sverige
3188648,121 32,Enskededalen,Sverige
3447198,121 32,Enskededalen,Sverige
3324563,121 32,Enskededalen,Sverige
3346621,121 33,Enskededalen,Sverige
3359523,121 34,Enskededalen,Sverige
3396832,121 34,Enskededalen,Sverige
3411427,121 39,Johanneshov,Sverige
3460456,121 45,Johanneshov,Sverige
3372216,121 49,Johanneshov,Sverige
3369986,121 51,Johanneshov,Sverige
3323733,121 51,Johanneshov,Sverige
3308444,121 52,Johanneshov,Sverige
3367605,121 52,Johanneshov,Sverige
3363387,121 52,Johanneshov,Sverige
3324565,121 54,Johanneshov,Sverige
3358031,121 55,Johanneshov,Sverige
3346615,121 55,Johanneshov,Sverige
3334803,122 37,Enskede,Sverige
3214832,122 37,Enskede,Sverige
3360872,122 37,Enskede,Sverige
3248791,122 38,Enskede,Sverige
3382360,122 38,Enskede,Sverige
3437342,122 39,Enskede,Sverige
3334798,122 39,Enskede,Sverige
3403100,122 40,Enskede,Sverige
3335912,122 41,Enskede,Sverige
3194647,122 49,Enskede,Sverige
3313842,122 64,Enskede,Sverige
3369656,122 64,Enskede,Sverige
3377080,122 66,Enskede,Sverige
3358845,123 42,Farsta,Sverige
3311683,123 43,Farsta,Sverige
3257580,123 45,Farsta,Sverige
3391600,123 46,Farsta,Sverige
3393122,123 52,Farsta,Sverige
3356079,123 57,Farsta,Sverige
3401468,123 61,Farsta,Sverige
3350390,123 61,Farsta,Sverige
3331713,124 32,Bandhagen,Sverige
3331712,124 32,Bandhagen,Sverige
3404756,124 32,Bandhagen,Sverige
3404754,124 32,Bandhagen,Sverige
3250766,124 57,Bandhagen,Sverige
3352808,125 32,Älvsjö,Sverige
3310328,125 33,Älvsjö,Sverige
3351076,125 33,Älvsjö,Sverige
3416458,125 33,Älvsjö,Sverige
3381212,125 33,Älvsjö,Sverige
3363765,125 40,Älvsjö,Sverige
3363766,125 40,Älvsjö,Sverige
3371656,125 40,Älvsjö,Sverige
3317438,125 40,Älvsjö,Sverige
3326754,125 41,Älvsjö,Sverige
3326731,125 41,Älvsjö,Sverige
3315956,125 41,Älvsjö,Sverige
3356955,125 43,Älvsjö,Sverige
3472450,125 44,Älvsjö,Sverige
3349950,125 44,Älvsjö,Sverige
3352852,125 51,Älvsjö,Sverige
3352855,125 51,Älvsjö,Sverige
3352786,125 51,Älvsjö,Sverige
3345956,125 52,Älvsjö,Sverige
3324201,125 52,Älvsjö,Sverige
3279594,125 52,Älvsjö,Sverige
3325403,125 52,Älvsjö,Sverige
3311697,125 53,Älvsjö,Sverige
3339034,125 54,Älvsjö,Sverige
3324875,125 55,Älvsjö,Sverige
3325404,125 56,Älvsjö,Sverige
3336077,125 56,Älvsjö,Sverige
3350696,125 56,Älvsjö,Sverige
3325448,125 56,Älvsjö,Sverige
3351775,125 57,Älvsjö,Sverige
3290100,125 58,Älvsjö,Sverige
3353781,125 58,Älvsjö,Sverige
3325385,125 58,Älvsjö,Sverige
3325453,125 58,Älvsjö,Sverige
3361479,125 58,Älvsjö,Sverige
3324869,125 58,Älvsjö,Sverige
3352767,125 59,Älvsjö,Sverige
3377225,125 60,Älvsjö,Sverige
3441174,125 70,Älvsjö,Sverige
3441060,125 70,Älvsjö,Sverige
3345476,125 71,Älvsjö,Sverige
3369106,126 26,Hägersten,Sverige
3373016,126 28,Hägersten,Sverige
3351585,126 29,Hägersten,Sverige
3308397,126 33,Hägersten,Sverige
3305693,126 36,Hägersten,Sverige
3353478,126 36,Hägersten,Sverige
3403213,126 36,Hägersten,Sverige
3339426,126 37,Hägersten,Sverige
3346917,126 41,Hägersten,Sverige
3251453,126 42,Hägersten,Sverige
3369428,126 48,Hägersten,Sverige
3217340,126 49,Hägersten,Sverige
3336113,126 49,Hägersten,Sverige
3155815,126 50,Hägersten,Sverige
3290702,126 51,Hägersten,Sverige
3305978,126 51,Hägersten,Sverige
3001660,126 51,Hägersten,Sverige
3003233,126 51,Hägersten,Sverige
3256925,126 51,Hägersten,Sverige
3320570,126 52,Hägersten,Sverige
3380609,126 52,Hägersten,Sverige
3338542,126 52,Hägersten,Sverige
3356377,126 52,Hägersten,Sverige
3406345,126 52,Hägersten,Sverige
3333117,126 53,Hägersten,Sverige
3308846,126 53,Hägersten,Sverige
3308712,126 53,Hägersten,Sverige
3339114,126 53,Hägersten,Sverige
3336123,126 54,Hägersten,Sverige
3348560,126 54,Hägersten,Sverige
3366426,126 54,Hägersten,Sverige
3362325,126 54,Hägersten,Sverige
3209524,126 55,Hägersten,Sverige
3331943,126 55,Hägersten,Sverige
3389132,127 30,Skärholmen,Sverige
3353824,127 30,Skärholmen,Sverige
3141943,127 32,Skärholmen,Sverige
3037118,127 34,Skärholmen,Sverige
3384817,127 37,skärholmen,Sverige
3390752,127 39,Skärholmen,Sverige
3355908,127 41,Skärholmen,Sverige
3322409,127 61,Skärholmen,Sverige
3162041,127 61,Skärholmen,Sverige
3329490,127 61,Skärholmen,Sverige
3367778,127 61,Skärholmen,Sverige
3333236,127 61,Skärholmen,Sverige
3361663,128 34,Skarpnäck,Sverige
3360139,128 38,Skarpnäck,Sverige
3373009,128 41,Bagarmossen,Sverige
3358708,128 43,Bagarmossen,Sverige
3367625,128 43,Bagarmossen,Sverige
3369790,128 44,Bagarmossen,Sverige
3349159,128 44,Bagarmossen,Sverige
3347200,128 45,Bagarmossen,Sverige
3347147,128 45,Bagarmossen,Sverige
3002243,128 46,Bagarmossen,Sverige
3348448,128 46,Bagarmossen,Sverige
3341006,128 46,Bagarmossen,Sverige
3369885,128 46,Bagarmossen,Sverige
3405021,128 47,Bagarmossen,Sverige
3369116,128 47,Bagarmossen,Sverige
3448988,128 62,Sköndal,Sverige
3450118,128 62,Sköndal,Sverige
3332088,128 62,Sköndal,Sverige
3345138,128 62,Sköndal,Sverige
3360687,128 63,Sköndal,Sverige
3337559,128 63,Sköndal,Sverige
3380169,128 63,Sköndal,Sverige
3327814,128 63,Sköndal,Sverige
3216367,128 66,Sköndal,Sverige
3358173,128 67,Sköndal,Sverige
3358212,128 67,Sköndal,Sverige
3344455,128 67,Sköndal,Sverige
3360782,128 67,Sköndal,Sverige
3345743,128 67,Sköndal,Sverige
3345126,128 67,Sköndal,Sverige
3422024,128 68,Sköndal,Sverige
3422023,128 68,Sköndal,Sverige
3327811,128 68,Sköndal,Sverige
3341744,128 68,Sköndal,Sverige
3292276,128 69,Sköndal,Sverige
3339855,129 31,Hägersten,Sverige
3351283,129 35,Hägersten,Sverige
3339940,129 36,Hägersten,Sverige
3306484,129 36,Hägersten,Sverige
3321828,129 36,Hägersten,Sverige
3356920,129 36,Hägersten,Sverige
3365961,129 36,Hägersten,Sverige
3355499,129 37,Hägersten,Sverige
3001356,129 38,Hägersten,Sverige
3358873,129 38,Hägersten,Sverige
3328482,129 40,Hägersten,Sverige
3314831,129 41,Hägersten,Sverige
3338376,129 42,Hägersten,Sverige
3261273,129 42,Hägersten,Sverige
3346860,129 42,Hägersten,Sverige
3346861,129 42,Hägersten,Sverige
3328928,129 43,Hägersten,Sverige
3094087,129 44,Hägersten,Sverige
3281920,129 45,Hägersten,Sverige
3252034,129 46,Hägersten,Sverige
3390232,129 49,Hägersten,Sverige
3321803,129 52,Hägersten,Sverige
3325454,129 52,Hägersten,Sverige
3295479,129 54,Hägersten,Sverige
3389449,129 57,Hägersten,Sverige
3347572,129 57,Hägersten,Sverige
3359874,131 31,Nacka,Sverige
3330594,131 31,Nacka,Sverige
3341261,131 32,Nacka,Sverige
3206252,131 33,Nacka,Sverige
3331737,131 35,Nacka,Sverige
3335824,131 37,Nacka,Sverige
3361989,131 37,Nacka,Sverige
3356116,131 38,Nacka,Sverige
3370835,131 40,Nacka,Sverige
3002600,131 42,Nacka,Sverige
3339778,131 42,Nacka,Sverige
3405146,131 46,Nacka,Sverige
3308783,131 46,Nacka,Sverige
3362096,131 46,Nacka,Sverige
3365969,131 46,Nacka,Sverige
3337639,131 47,Nacka,Sverige
3395433,131 48,Nacka,Sverige
3337228,131 57,Nacka,Sverige
3373307,131 61,Nacka,Sverige
3343012,131 71,Nacka,Sverige
3352913,132 30,Saltsjö-Boo,Sverige
3380217,132 31,Saltsjö-Boo,Sverige
3380216,132 31,Saltsjö-Boo,Sverige
3380214,132 31,Saltsjö-Boo,Sverige
3325556,132 34,Saltsjö-Boo,Sverige
3416072,132 34,Saltsjö-Boo,Sverige
3333698,132 35,Saltsjö-Boo,Sverige
3339275,132 35,Saltsjö-Boo,Sverige
3112753,132 35,Saltsjö-Boo,Sverige
3311114,132 35,Saltsjö-Boo,Sverige
3360107,132 36,Saltsjö-Boo,Sverige
3295882,132 36,Saltsjö-Boo,Sverige
3312894,132 36,Saltsjö-Boo,Sverige
3334420,132 37,Saltsjö-Boo,Sverige
3358760,132 37,Saltsjö-Boo,Sverige
3392030,132 39,Saltsjö-Boo,Sverige
3205792,132 39,Saltsjö-Boo,Sverige
3311125,132 39,Saltsjö-Boo,Sverige
3339169,132 42,Saltsjö-Boo,Sverige
3398810,132 45,Saltsjö-Boo,Sverige
3405630,132 45,Saltsjö-Boo,Sverige
3342457,132 48,Saltsjö-Boo,Sverige
3391680,132 51,Saltsjö-Boo,Sverige
3347810,133 31,Saltsjöbaden,Sverige
3360279,133 32,Saltsjöbaden,Sverige
3142495,133 34,Saltsjöbaden,Sverige
3361651,133 34,Saltsjöbaden,Sverige
3361650,133 36,Saltsjöbaden,Sverige
3360423,133 36,Saltsjöbaden,Sverige
3373523,133 37,Saltsjöbaden,Sverige
3365686,133 38,Saltsjöbaden,Sverige
3346131,133 41,Saltsjöbaden,Sverige
3351369,133 43,Saltsjöbaden,Sverige
3381500,133 44,Saltsjöbaden,Sverige
3234332,133 44,Saltsjöbaden,Sverige
3376645,134 31,Gustavsberg,Sverige
3237397,134 31,Gustavsberg,Sverige
3398596,134 34,Gustavsberg,Sverige
3405420,134 42,Gustavsberg,Sverige
3360515,134 62,Ingarö,Sverige
3460159,134 62,Ingarö,Sverige
3377042,134 62,Ingarö,Sverige
3340280,134 65,Ingarö,Sverige
3300734,135 47,Tyresö,Sverige
3340408,135 47,Tyresö,Sverige
3357518,135 50,Tyresö,Sverige
3271610,135 51,Tyresö,Sverige
3304924,135 51,Tyresö,Sverige
3357285,135 52,Tyresö,Sverige
3356764,135 53,Tyresö,Sverige
3360212,135 53,Tyresö,Sverige
3290897,135 53,Tyresö,Sverige
3303394,135 53,Tyresö,Sverige
3321114,135 54,Tyresö,Sverige
3306526,135 54,Tyresö,Sverige
3307015,135 54,Tyresö,Sverige
3018246,135 54,Tyresö,Sverige
3228452,135 55,Tyresö,Sverige
3304237,135 55,Tyresö,Sverige
3252127,135 55,Tyresö,Sverige
3437381,135 58,Tyresö,Sverige
3402550,135 61,Tyresö,Sverige
3375790,135 62,Tyresö,Sverige
3042030,136 39,Handen,Sverige
3148370,136 42,Handen,Sverige
3221631,136 42,Handen,Sverige
3239696,136 42,Handen,Sverige
3372841,136 47,Haninge,Sverige
3375308,136 49,Vega,Sverige
3408780,136 49,Vega,Sverige
3361336,136 49,Vega,Sverige
3292651,136 64,Haninge,Sverige
3087764,136 68,Vendelsö,Sverige
3073781,136 68,Vendelsö,Sverige
3329355,136 70,Vendelsö,Sverige
3314749,136 71,Vendelsö,Sverige
3358493,136 72,Vendelsö,Sverige
3236352,136 72,Vendelsö,Sverige
3422074,136 73,Vendelsö,Sverige
3400590,136 73,Vendelsö,Sverige
3277616,136 73,Vendelsö,Sverige
3276352,136 73,Vendelsö,Sverige
3359588,136 75,Vendelsö,Sverige
3336748,136 75,Vendelsö,Sverige
3423117,136 75,Vendelsö,Sverige
3314966,137 36,Västerhaninge,Sverige
3361508,137 42,Västerhaninge,Sverige
3400021,137 43,Västerhaninge,Sverige
3311134,137 54,Tungelsta,Sverige
3238195,137 68,Jordbro,Sverige
3354410,138 34,Älta,Sverige
3358957,138 36,Älta,Sverige
3362155,138 37,Älta,Sverige
3288095,138 39,Älta,Sverige
3339164,138 39,Älta,Sverige
3361259,138 40,älta,Sverige
3367402,139 36,Värmdö,Sverige
3406010,139 36,Värmdö,Sverige
3324131,139 36,Värmdö,Sverige
3365637,139 36,Värmdö,Sverige
3358252,141 31,Huddinge,Sverige
3426018,141 32,Huddinge,Sverige
3312273,141 33,Huddinge,Sverige
3294490,141 38,Huddinge,Sverige
3305262,141 38,Huddinge,Sverige
3337232,141 39,Huddinge,Sverige
3320038,141 39,Huddinge,Sverige
3357991,141 39,Huddinge,Sverige
3358047,141 39,Huddinge,Sverige
3311198,141 39,Huddinge,Sverige
3364037,141 39,Huddinge,Sverige
3415319,141 39,Huddinge,Sverige
3351676,141 39,Huddinge,Sverige
3441633,141 40,Huddinge,Sverige
3440957,141 40,Huddinge,Sverige
3417247,141 40,Huddinge,Sverige
3350272,141 40,Huddinge,Sverige
3401731,141 40,Huddinge,Sverige
3347239,141 40,Huddinge,Sverige
3407536,141 41,Huddinge,Sverige
3366574,141 41,Huddinge,Sverige
3487200,141 41,Huddinge,Sverige
3312223,141 41,Huddinge,Sverige
3425127,141 41,Huddinge,Sverige
3125443,141 42,Huddinge,Sverige
3364551,141 42,Huddinge,Sverige
3442762,141 43,Huddinge,Sverige
3169333,141 43,Huddinge,Sverige
3255845,141 43,Huddinge,Sverige
3442756,141 43,Huddinge,Sverige
3356238,141 43,Huddinge,Sverige
3263542,141 43,Huddinge,Sverige
3300571,141 43,Huddinge,Sverige
3307340,141 43,Huddinge,Sverige
3323199,141 43,Huddinge,Sverige
3291865,141 44,Huddinge,Sverige
3455793,141 44,Huddinge,Sverige
3408782,141 44,Huddinge,Sverige
3337491,141 44,Huddinge,Sverige
3300572,141 45,Huddinge,Sverige
3290417,141 68,Huddinge,Sverige
3423146,141 68,Huddinge,Sverige
3345906,141 68,Huddinge,Sverige
3310330,141 68,Huddinge,Sverige
3358836,141 69,Huddinge,Sverige
3377456,141 70,Segeltorp,Sverige
3373695,141 70,Segeltorp,Sverige
3364501,141 71,Segeltorp,Sverige
3353637,141 71,Segeltorp,Sverige
3316609,141 71,Segeltorp,Sverige
3340064,141 71,Segeltorp,Sverige
3326536,141 71,Segeltorp,Sverige
3321285,141 71,Segeltorp,Sverige
3400523,141 72,Segeltorp,Sverige
3408170,141 72,Segeltorp,Sverige
3374409,141 72,Segeltorp,Sverige
3373442,141 73,Segeltorp,Sverige
3326532,141 74,Segeltorp,Sverige
3346921,141 74,Segeltorp,Sverige
3373531,142 42,Skogås,Sverige
3333943,142 42,Skogås,Sverige
3351350,142 42,Skogås,Sverige
3250285,142 66,Trångsund,Sverige
3494183,144 42,Rönninge,Sverige
3494187,144 42,Rönninge,Sverige
3478492,144 44,Rönninge,Sverige
3311445,145 74,Norsborg,Sverige
3316881,146 32,Tullinge,Sverige
3352090,146 36,Tullinge,Sverige
3357924,146 38,Tullinge,Sverige
3312284,146 40,Tullinge,Sverige
3321365,146 46,Tullinge,Sverige
3416024,146 46,Tullinge,Sverige
3368694,146 49,Tullinge,Sverige
3341747,146 52,Tullinge,Sverige
3367574,146 52,Tullinge,Sverige
3360414,146 52,Tullinge,Sverige
3368494,146 53,Tullinge,Sverige
3363516,146 54,Tullinge,Sverige
3332724,146 54,Tullinge,Sverige
3389270,147 33,Tumba,Sverige
3389269,147 33,Tumba,Sverige
3347093,147 34,Tumba,Sverige
3363674,147 35,Tumba,Sverige
3363676,147 63,Uttran,Sverige
3335638,147 63,Uttran,Sverige
3376764,148 31,Ösmo,Sverige
3398408,148 33,Ösmo,Sverige
3332383,148 35,Ösmo,Sverige
3365870,148 40,Segersäng,Sverige
3357800,148 40,Segersäng,Sverige
3392625,148 40,Segersäng,Sverige
3388706,148 43,Ösmo,Sverige
3318846,148 70,Sorunda,Sverige
3328081,148 92,Ösmo,Sverige
3388248,148 92,Ösmo,Sverige
3329109,148 92,Ösmo,Sverige
3366351,148 97,Sorunda,Sverige
3280888,148 97,Sorunda,Sverige
3341870,149 40,Nynäshamn,Sverige
3333382,149 50,Nynäshamn,Sverige
3438871,149 50,Nynäshamn,Sverige
3366290,151 34,Södertälje,Sverige
3366291,151 35,Södertälje,Sverige
3492491,151 35,Södertälje,Sverige
3472670,151 44,Södertälje,Sverige
3297973,151 44,Södertälje,Sverige
3077468,151 44,Södertälje,Sverige
3381515,151 52,Södertälje,Sverige
3493318,152 51,Södertälje,Sverige
3335732,153 95,Järna,Sverige
3345072,155 30,Nykvarn,Sverige
3294631,155 94,Nykvarn,Sverige
3351576,162 53,Vällingby,Sverige
3497703,162 57,Vällingby,Sverige
3373524,162 67,Vällingby,Sverige
3404839,162 68,Vällingby,Sverige
3225827,162 73,Vällingby,Sverige
3238655,163 40,Spånga,Sverige
3333536,163 41,Spånga,Sverige
3291709,163 41,Spånga,Sverige
3333910,163 41,Spånga,Sverige
3332314,163 42,Spånga,Sverige
3292706,163 43,Spånga,Sverige
3089328,163 43,Spånga,Sverige
3299469,163 44,Spånga,Sverige
3185810,163 45,Spånga,Sverige
3185313,163 48,Spånga,Sverige
3353777,163 50,Spånga,Sverige
3317499,163 50,Spånga,Sverige
3298300,163 50,Spånga,Sverige
3291146,163 50,Spånga,Sverige
3321243,163 51,Spånga,Sverige
3285462,163 51,Spånga,Sverige
3306937,163 51,Spånga,Sverige
3342321,163 51,Spånga,Sverige
3204470,163 51,Spånga,Sverige
3317850,163 51,Spånga,Sverige
3322128,163 52,Spånga,Sverige
3179876,163 52,Spånga,Sverige
3213783,163 52,Spånga,Sverige
3294199,163 52,Spånga,Sverige
3336195,163 54,Spånga,Sverige
3277387,163 54,Spånga,Sverige
3297089,163 54,Spånga,Sverige
3424628,163 54,Spånga,Sverige
3338958,163 54,Spånga,Sverige
3302993,163 56,Spånga,Sverige
3337998,163 56,Spånga,Sverige
3327666,163 56,Spånga,Sverige
3303318,163 56,Spånga,Sverige
3306616,163 62,Spånga,Sverige
3403152,164 36,Kista,Sverige
3310516,164 45,Kista,Sverige
3301404,164 45,Kista,Sverige
3323367,164 45,Kista,Sverige
3344575,164 45,Kista,Sverige
3177598,164 47,Kista,Sverige
3360603,164 47,Kista,Sverige
3360602,164 47,Kista,Sverige
3341561,164 48,Kista,Sverige
3309049,165 62,Hässelby,Sverige
3292449,165 65,Hässelby,Sverige
3372759,165 66,Hässelby,Sverige
3376607,165 66,Hässelby,Sverige
3345326,165 74,Hässelby,Sverige
3357593,165 77,Hässelby,Sverige
3357145,167 33,Bromma,Sverige
3334379,167 33,Bromma,Sverige
3308345,167 39,Bromma,Sverige
3356106,167 39,Bromma,Sverige
3352231,167 40,Bromma,Sverige
3316981,167 53,Bromma,Sverige
3342148,167 62,Bromma,Sverige
3333665,167 65,Bromma,Sverige
3194443,167 71,Bromma,Sverige
3340393,167 72,Bromma,Sverige
3217837,167 75,Bromma,Sverige
3263673,168 33,Bromma,Sverige
3277556,168 33,Bromma,Sverige
3365037,168 39,Bromma,Sverige
3390571,168 39,Bromma,Sverige
3351173,168 39,Bromma,Sverige
3289749,168 39,Bromma,Sverige
3303632,168 39,Bromma,Sverige
3154947,168 40,Bromma,Sverige
3357967,168 41,Bromma,Sverige
3337808,168 41,Bromma,Sverige
3310462,168 50,Bromma,Sverige
3333198,168 50,Bromma,Sverige
3321027,168 50,Bromma,Sverige
3330117,168 51,Bromma,Sverige
3264312,168 51,Bromma,Sverige
3374504,168 51,Bromma,Sverige
3330951,168 52,Bromma,Sverige
3321009,168 52,Bromma,Sverige
3390504,168 53,Bromma,Sverige
3437821,168 53,Bromma,Sverige
3308898,168 53,Bromma,Sverige
3332486,168 53,Bromma,Sverige
3282813,168 54,Bromma,Sverige
3302123,168 54,Bromma,Sverige
3316754,168 54,Bromma,Sverige
3260784,168 56,Bromma,Sverige
3307054,168 56,Bromma,Sverige
3323826,168 58,Bromma,Sverige
3303860,168 59,Bromma,Sverige
3343016,168 60,Bromma,Sverige
3288063,168 61,Bromma,Sverige
3321970,168 62,Bromma,Sverige
3276366,168 62,Bromma,Sverige
3327664,168 63,Bromma,Sverige
3340127,168 64,Bromma,Sverige
3287238,168 66,Bromma,Sverige
3359725,168 70,Bromma,Sverige
3306161,168 71,Bromma,Sverige
3351698,168 72,Bromma,Sverige
3343860,168 72,Bromma,Sverige
3343935,168 72,Bromma,Sverige
3321360,168 72,Bromma,Sverige
3275447,168 75,Bromma,Sverige
3336277,169 30,Solna,Sverige
3109109,169 32,Solna,Sverige
3365459,169 58,Solna,Sverige
3331729,170 62,Solna,Sverige
3216200,170 62,Solna,Sverige
3374442,170 62,Solna,Sverige
3323272,170 62,Solna,Sverige
3253334,170 62,Solna,Sverige
3371823,170 63,Solna,Sverige
3343729,170 66,Solna,Sverige
3344234,170 69,Solna,Sverige
3268419,170 70,Solna,Sverige
3384513,170 71,Solna,Sverige
3375828,170 71,Solna,Sverige
3405106,170 72,Solna,Sverige
3352189,170 73,Solna,Sverige
3295674,170 74,Solna,Sverige
3342889,170 74,Solna,Sverige
3456915,170 75,Solna,Sverige
3361240,170 76,Solna,Sverige
3370500,170 77,Solna,Sverige
3340104,170 78,Solna,Sverige
3341466,170 79,Solna,Sverige
3401045,171 49,Solna,Sverige
3233669,171 63,Solna,Sverige
3138043,172 31,Sundbyberg,Sverige
3359876,172 37,Sundbyberg,Sverige
3250138,172 37,Sundbyberg,Sverige
3368952,172 37,Sundbyberg,Sverige
3196356,172 39,Sundbyberg,Sverige
3346114,172 66,Sundbyberg,Sverige
3357375,172 72,Sundbyberg,Sverige
3346117,172 76,Sundbyberg,Sverige
3358007,172 76,Sundbyberg,Sverige
3307656,174 46,Sundbyberg,Sverige
3113126,174 47,Sundbyberg,Sverige
3361740,174 50,Sundbyberg,Sverige
3432680,174 61,Sundbyberg,Sverige
3323145,175 43,Järfälla,Sverige
3381024,175 43,Järfälla,Sverige
3312862,175 43,Järfälla,Sverige
3397380,175 46,Järfälla,Sverige
3371847,175 47,Järfälla,Sverige
3382519,175 47,Järfälla,Sverige
3003739,175 48,Järfälla,Sverige
3356126,175 48,Järfälla,Sverige
3321503,175 48,Järfälla,Sverige
3464859,175 49,Järfälla,Sverige
3371751,175 49,Järfälla,Sverige
3346818,175 49,Järfälla,Sverige
3375551,175 50,Järfälla,Sverige
3003758,175 50,Järfälla,Sverige
3339588,175 52,Järfälla,Sverige
3317286,175 55,Järfälla,Sverige
3262849,175 57,Järfälla,Sverige
3334248,175 61,Järfälla,Sverige
3349185,175 64,Järfälla,Sverige
3329947,175 65,Järfälla,Sverige
3272534,175 69,Järfälla,Sverige
3355862,175 69,Järfälla,Sverige
3343133,175 69,Järfälla,Sverige
3306414,176 66,Järfälla,Sverige
3417650,176 70,Järfälla,Sverige
3348629,176 70,Järfälla,Sverige
3252768,176 76,Järfälla,Sverige
3346839,177 39,Järfälla,Sverige
3298957,177 41,Järfälla,Sverige
3461715,177 46,Järfälla,Sverige
3091491,177 59,Järfälla,Sverige
3305550,177 59,Järfälla,Sverige
3361647,177 60,Järfälla,Sverige
3003724,177 61,Järfälla,Sverige
3395400,177 61,Järfälla,Sverige
3333476,177 61,Järfälla,Sverige
3048415,178 33,Ekerö,Sverige
3153588,178 33,Ekerö,Sverige
3310041,178 38,Ekerö,Sverige
3405462,178 41,Ekerö,Sverige
3362680,178 51,Ekerö,Sverige
3401249,178 93,Drottningholm,Sverige
3370331,178 93,Drottningholm,Sverige
3277576,179 61,Stenhamra,Sverige
3340476,179 61,Stenhamra,Sverige
3433573,181 31,Lidingö,Sverige
3309321,181 32,Lidingö,Sverige
3367036,181 32,Lidingö,Sverige
3308511,181 39,Lidingö,Sverige
3365583,181 39,Lidingö,Sverige
3497726,181 39,Lidingö,Sverige
3429327,181 46,Lidingö,Sverige
3364108,181 46,Lidingö,Sverige
3329576,181 46,Lidingö,Sverige
3327189,181 56,Lidingö,Sverige
3353477,181 58,Lidingö,Sverige
3374718,181 60,Lidingö,Sverige
3429537,181 60,Lidingö,Sverige
3294368,181 60,Lidingö,Sverige
3397960,181 62,Lidingö,Sverige
3367686,181 67,Lidingö,Sverige
3357948,182 33,Danderyd,Sverige
3358593,182 33,Danderyd,Sverige
3376005,182 36,Danderyd,Sverige
3357950,182 38,Danderyd,Sverige
3358592,182 39,Danderyd,Sverige
3383504,182 48,Enebyberg,Sverige
3378468,182 56,Danderyd,Sverige
3326124,182 70,Stocksund,Sverige
3393431,182 76,Stocksund,Sverige
3347378,182 76,Stocksund,Sverige
3347985,182 79,Stocksund,Sverige
3316360,183 30,Täby,Sverige
3412133,183 33,Täby,Sverige
3182415,183 36,Täby,Sverige
3197617,183 41,Täby,Sverige
3273604,183 55,Täby,Sverige
3323130,183 56,Täby,Sverige
3340775,183 56,Täby,Sverige
3291388,183 57,Täby,Sverige
3319770,183 60,Täby,Sverige
3360376,183 63,Täby,Sverige
3276446,183 63,Täby,Sverige
3199079,183 63,Täby,Sverige
3085618,183 66,Täby,Sverige
3151479,183 70,Täby,Sverige
3318116,183 77,Täby,Sverige
3369443,183 77,Täby,Sverige
3156663,184 30,Åkersberga,Sverige
3379758,184 31,Åkersberga,Sverige
3391704,184 32,Åkersberga,Sverige
3309765,184 37,Åkersberga,Sverige
3367071,184 38,Åkersberga,Sverige
3323448,184 41,Åkersberga,Sverige
3348878,184 44,Åkersberga,Sverige
3332159,184 51,Österskär,Sverige
3340792,184 52,Österskär,Sverige
3417479,184 60,Åkersberga,Sverige
3341616,184 61,Åkersberga,Sverige
3334098,184 91,Åkersberga,Sverige
3426033,184 94,Åkersberga,Sverige
3354809,184 94,Åkersberga,Sverige
3306385,185 31,Vaxholm,Sverige
3378741,185 33,Vaxholm,Sverige
3380080,185 34,Vaxholm,Sverige
3364203,185 34,Vaxholm,Sverige
3339504,185 34,Vaxholm,Sverige
3396175,185 34,Vaxholm,Sverige
3358085,185 39,Vaxholm,Sverige
3401302,185 39,Vaxholm,Sverige
3353271,185 39,Vaxholm,Sverige
3391650,185 51,Vaxholm,Sverige
3338102,185 95,Vaxholm,Sverige
3269983,186 32,Vallentuna,Sverige
3157018,186 35,Vallentuna,Sverige
3353509,186 40,Vallentuna,Sverige
3358331,186 41,Vallentuna,Sverige
3310757,186 43,Vallentuna,Sverige
3340736,186 43,Vallentuna,Sverige
3321928,186 46,Vallentuna,Sverige
3379857,186 46,Vallentuna,Sverige
3324023,186 47,Vallentuna,Sverige
3350472,186 47,Vallentuna,Sverige
3333380,186 50,Vallentuna,Sverige
3307328,186 50,Vallentuna,Sverige
3426534,186 50,Vallentuna,Sverige
3322312,186 50,Vallentuna,Sverige
3355409,186 50,Vallentuna,Sverige
3357284,186 50,Vallentuna,Sverige
3324641,186 53,Vallentuna,Sverige
3301698,186 53,Vallentuna,Sverige
3322927,186 53,Vallentuna,Sverige
3306297,186 55,Vallentuna,Sverige
3404921,186 55,Vallentuna,Sverige
3359141,186 55,Vallentuna,Sverige
3332596,186 70,Brottby,Sverige
3307060,186 70,Brottby,Sverige
3190095,186 70,Brottby,Sverige
3361755,186 70,Brottby,Sverige
3418216,186 91,Vallentuna,Sverige
3421627,186 91,Vallentuna,Sverige
3438831,186 92,Vallentuna,Sverige
3362104,186 92,Vallentuna,Sverige
3318424,186 94,Vallentuna,Sverige
3358190,186 94,Vallentuna,Sverige
3305009,186 94,Vallentuna,Sverige
3253292,186 94,Vallentuna,Sverige
3339735,186 94,Vallentuna,Sverige
3283415,186 95,Vallentuna,Sverige
3346152,187 30,Täby,Sverige
3370081,187 30,Täby,Sverige
3289239,187 30,Täby,Sverige
3320628,187 31,Täby,Sverige
3304331,187 31,Täby,Sverige
3388691,187 32,Täby,Sverige
3395704,187 32,Täby,Sverige
3243207,187 33,Täby,Sverige
3326707,187 34,Täby,Sverige
3401744,187 41,Täby,Sverige
3353295,187 41,Täby,Sverige
3373798,187 42,Täby,Sverige
3367366,187 42,Täby,Sverige
3370088,187 43,Täby,Sverige
3415478,187 43,Täby,Sverige
3312952,187 44,Täby,Sverige
3493759,187 44,Täby,Sverige
3414185,187 44,Täby,Sverige
3414183,187 44,Täby,Sverige
3395810,187 46,Täby,Sverige
3164698,187 47,Täby,Sverige
3346154,187 50,Täby,Sverige
3399625,187 51,Täby,Sverige
3336798,187 51,Täby,Sverige
3429570,187 52,Täby,Sverige
3306521,187 53,Täby,Sverige
3428214,187 53,Täby,Sverige
3309575,187 54,Täby,Sverige
3314594,187 54,Täby,Sverige
3362843,187 70,Täby,Sverige
3330638,187 73,Täby,Sverige
3342215,187 74,Täby,Sverige
3338550,187 76,Täby,Sverige
3329107,187 76,Täby,Sverige
3331618,187 77,Täby,Sverige
3352030,187 77,Täby,Sverige
3274187,187 77,Täby,Sverige
3342497,187 77,Täby,Sverige
3324060,191 33,Sollentuna,Sverige
3324064,191 34,Sollentuna,Sverige
3308974,191 34,Sollentuna,Sverige
3344138,191 35,Sollentuna,Sverige
3339258,191 35,Sollentuna,Sverige
3344017,191 37,Sollentuna,Sverige
3365926,191 38,Sollentuna,Sverige
3344022,191 38,Sollentuna,Sverige
3382573,191 38,Sollentuna,Sverige
3324068,191 39,Sollentuna,Sverige
3344042,191 39,Sollentuna,Sverige
3351645,191 39,Sollentuna,Sverige
3344020,191 39,Sollentuna,Sverige
3308993,191 39,Sollentuna,Sverige
3344018,191 39,Sollentuna,Sverige
3309114,191 39,Sollentuna,Sverige
3324083,191 39,Sollentuna,Sverige
3344037,191 40,Sollentuna,Sverige
3324107,191 40,Sollentuna,Sverige
3378175,191 41,Sollentuna,Sverige
3324093,191 41,Sollentuna,Sverige
3458770,191 43,Sollentuna,Sverige
3389458,191 43,Sollentuna,Sverige
3324091,191 43,Sollentuna,Sverige
3406473,191 44,Sollentuna,Sverige
3333788,191 44,Sollentuna,Sverige
3383638,191 44,Sollentuna,Sverige
3324071,191 45,Sollentuna,Sverige
3292397,191 45,Sollentuna,Sverige
3324061,191 45,Sollentuna,Sverige
3344035,191 45,Sollentuna,Sverige
3344157,191 45,Sollentuna,Sverige
3382554,191 46,Sollentuna,Sverige
3333787,191 46,Sollentuna,Sverige
3265697,191 48,Sollentuna,Sverige
3313155,191 49,Sollentuna,Sverige
3226681,191 49,Sollentuna,Sverige
3344212,191 60,Sollentuna,Sverige
3358360,191 62,Sollentuna,Sverige
3346459,191 62,Sollentuna,Sverige
3308971,191 63,Sollentuna,Sverige
3327052,191 63,Sollentuna,Sverige
3343901,191 63,Sollentuna,Sverige
3292341,191 63,Sollentuna,Sverige
3204327,191 64,Sollentuna,Sverige
3352100,192 48,Sollentuna,Sverige
3344023,192 51,Sollentuna,Sverige
3263154,192 51,Sollentuna,Sverige
3409609,192 51,Sollentuna,Sverige
3344516,192 51,Sollentuna,Sverige
3278267,192 51,Sollentuna,Sverige
3308982,192 54,Sollentuna,Sverige
3383702,192 55,Sollentuna,Sverige
3358960,192 55,Sollentuna,Sverige
3231521,192 56,Sollentuna,Sverige
3348283,192 65,Sollentuna,Sverige
3354474,192 65,Sollentuna,Sverige
3293038,192 65,Sollentuna,Sverige
3340375,192 67,Sollentuna,Sverige
3292392,192 67,Sollentuna,Sverige
3375887,192 70,Sollentuna,Sverige
3197071,192 71,Sollentuna,Sverige
3357324,192 72,Sollentuna,Sverige
3419916,192 72,Sollentuna,Sverige
3218716,192 73,Sollentuna,Sverige
3360714,192 73,Sollentuna,Sverige
3313147,192 73,Sollentuna,Sverige
3360403,192 74,Sollentuna,Sverige
3344844,192 74,Sollentuna,Sverige
3313160,192 74,Sollentuna,Sverige
3313158,192 74,Sollentuna,Sverige
3310588,192 75,Sollentuna,Sverige
3327748,192 75,Sollentuna,Sverige
3322569,192 75,Sollentuna,Sverige
3351884,192 76,Sollentuna,Sverige
3346436,193 49,Sigtuna,Sverige
3347553,194 39,Upplands Väsby,Sverige
3403195,194 39,Upplands Väsby,Sverige
3347580,194 44,Upplands Väsby,Sverige
3394410,194 47,Upplands Väsby,Sverige
3334298,194 47,Upplands Väsby,Sverige
3362297,194 55,Upplands Väsby,Sverige
3372493,194 63,Upplands Väsby,Sverige
3396339,194 65,Upplands Väsby,Sverige
3324740,194 66,Upplands Väsby,Sverige
3382175,194 68,Upplands Väsby,Sverige
3345055,194 68,Upplands Väsby,Sverige
3328466,194 68,Upplands Väsby,Sverige
3325366,194 69,Upplands Väsby,Sverige
3373673,194 91,Upplands Väsby,Sverige
3265742,194 92,Upplands Väsby,Sverige
3279951,194 92,Upplands Väsby,Sverige
3153830,195 92,Märsta,Sverige
3098088,195 92,Märsta,Sverige
3271713,195 92,Märsta,Sverige
3271714,195 92,Märsta,Sverige
3305659,196 37,Kungsängen,Sverige
3319742,196 93,Kungsängen,Sverige
3316283,197 36,Bro,Sverige
3271907,197 91,Bro,Sverige
3334471,197 92,Bro,Sverige
3037406,211 12,Malmö,Sverige
3335558,211 17,Malmö,Sverige
3201703,211 17,Malmö,Sverige
3253624,211 17,Malmö,Sverige
3202042,211 17,Malmö,Sverige
3341728,211 28,Malmö,Sverige
3378373,211 30,Malmö,Sverige
3368704,211 42,Malmö,Sverige
3369365,211 43,Malmö,Sverige
3375945,211 44,Malmö,Sverige
3377006,211 55,Malmö,Sverige
3371249,211 56,Malmö,Sverige
3216815,211 75,Malmö,Sverige
3379159,211 75,Malmö,Sverige
3228552,212 14,Malmö,Sverige
3219837,212 17,Malmö,Sverige
3414806,212 23,Malmö,Sverige
3411122,212 28,Malmö,Sverige
3384610,212 29,Malmö,Sverige
3205847,212 29,Malmö,Sverige
3330535,212 29,Malmö,Sverige
3345346,212 30,Malmö,Sverige
3370371,212 30,Malmö,Sverige
3365052,212 30,Malmö,Sverige
3345356,212 30,Malmö,Sverige
3364134,212 30,Malmö,Sverige
3217846,212 32,Malmö,Sverige
3360306,212 33,Malmö,Sverige
3485951,212 34,Malmö,Sverige
3175993,212 50,Malmö,Sverige
3080543,214 22,Malmö,Sverige
3211743,214 23,Malmö,Sverige
3243355,214 29,Malmö,Sverige
3190665,214 32,Malmö,Sverige
3216049,214 35,Malmö,Sverige
3147535,214 44,Malmö,Sverige
3367866,215 65,Malmö,Sverige
3395515,215 67,Malmö,Sverige
3487523,215 80,Malmö,Sverige
3437949,216 15,Limhamn,Sverige
3362875,216 18,Limhamn,Sverige
3337025,216 18,Limhamn,Sverige
3354274,216 19,Malmö,Sverige
3366712,216 19,Malmö,Sverige
3277386,216 20,Malmö,Sverige
3378005,216 20,Malmö,Sverige
3357153,216 21,Malmö,Sverige
3406343,216 21,Malmö,Sverige
3362733,216 22,Limhamn,Sverige
3320496,216 22,Limhamn,Sverige
3304121,216 22,Limhamn,Sverige
3355886,216 22,Limhamn,Sverige
3247873,216 31,Limhamn,Sverige
3340498,217 41,Malmö,Sverige
3295485,217 41,Malmö,Sverige
3306472,217 41,Malmö,Sverige
3321513,217 58,Malmö,Sverige
3409513,217 64,Malmö,Sverige
3390341,217 71,Malmö,Sverige
3386073,217 72,Malmö,Sverige
3317854,217 73,Malmö,Sverige
3376426,217 74,Malmö,Sverige
3346375,218 31,Bunkeflostrand,Sverige
3319343,218 31,Bunkeflostrand,Sverige
3385355,218 31,Bunkeflostrand,Sverige
3319341,218 31,Bunkeflostrand,Sverige
3311576,218 32,Bunkeflostrand,Sverige
3355820,218 36,Bunkeflostrand,Sverige
3325233,218 37,Bunkeflostrand,Sverige
3367087,218 38,Bunkeflostrand,Sverige
3311571,218 38,Bunkeflostrand,Sverige
3351167,218 42,Bunkeflostrand,Sverige
3390906,218 42,Bunkeflostrand,Sverige
3210017,218 51,Klagshamn,Sverige
3283937,218 51,Klagshamn,Sverige
3385245,218 53,Klagshamn,Sverige
3326145,218 54,Klagshamn,Sverige
3298230,218 71,Tygelsjö,Sverige
3396330,218 71,Tygelsjö,Sverige
3372969,218 72,Tygelsjö,Sverige
3314272,218 73,Tygelsjö,Sverige
3351619,218 73,Tygelsjö,Sverige
3008254,218 73,Tygelsjö,Sverige
3371215,222 23,Lund,Sverige
3363955,222 24,Lund,Sverige
3325882,222 26,Lund,Sverige
3365755,222 26,Lund,Sverige
3383941,222 26,Lund,Sverige
3357665,222 39,Lund,Sverige
3343110,222 40,Lund,Sverige
3363572,222 41,Lund,Sverige
3186614,222 41,Lund,Sverige
3382476,222 41,Lund,Sverige
3407076,222 70,Lund,Sverige
3211422,223 50,Lund,Sverige
3270135,223 51,Lund,Sverige
3246415,223 54,Lund,Sverige
3246732,223 59,Lund,Sverige
3216071,223 63,Lund,Sverige
3258338,223 63,Lund,Sverige
3229935,223 63,Lund,Sverige
3247255,223 64,Lund,Sverige
3347635,224 56,Lund,Sverige
3381478,224 56,Lund,Sverige
3302396,224 58,Lund,Sverige
3259995,224 58,Lund,Sverige
3239310,224 58,Lund,Sverige
3413866,224 65,Lund,Sverige
3273980,224 65,Lund,Sverige
3339807,224 66,Lund,Sverige
3381365,224 66,Lund,Sverige
3331306,224 66,Lund,Sverige
3326685,224 67,Lund,Sverige
3247404,224 67,Lund,Sverige
3387646,224 67,Lund,Sverige
3359263,224 67,Lund,Sverige
3365562,224 68,Lund,Sverige
3427551,224 68,Lund,Sverige
3378734,224 68,Lund,Sverige
3329130,224 72,Lund,Sverige
3365127,224 73,Lund,Sverige
3247167,224 73,Lund,Sverige
3311627,224 74,Lund,Sverige
3381433,224 75,Lund,Sverige
3276713,224 79,Lund,Sverige
3379460,224 80,Lund,Sverige
3280910,224 80,Lund,Sverige
3348996,224 80,Lund,Sverige
3373436,224 82,Lund,Sverige
3246127,224 88,Lund,Sverige
3420723,226 38,Lund,Sverige
3256534,226 44,Lund,Sverige
3246919,226 47,Lund,Sverige
3375644,226 47,Lund,Sverige
3405089,226 48,Lund,Sverige
3239460,226 48,Lund,Sverige
3380492,226 49,Lund,Sverige
3326689,226 50,Lund,Sverige
3326681,226 51,Lund,Sverige
3355534,226 52,Lund,Sverige
3325505,226 53,Lund,Sverige
3350948,226 55,Lund,Sverige
3352968,226 55,Lund,Sverige
3375217,226 56,Lund,Sverige
3296211,227 30,Lund,Sverige
3334054,227 31,Lund,Sverige
3444427,227 33,Lund,Sverige
3317776,227 33,Lund,Sverige
3408343,227 34,Lund,Sverige
3446894,227 35,Lund,Sverige
3387801,227 35,Lund,Sverige
3301729,227 36,Lund,Sverige
3241593,227 36,Lund,Sverige
3401939,227 36,Lund,Sverige
3363440,227 38,Lund,Sverige
3438511,227 62,Lund,Sverige
3370019,227 62,Lund,Sverige
3340564,231 32,Trelleborg,Sverige
3332197,231 38,Trelleborg,Sverige
3319470,231 38,Trelleborg,Sverige
3334023,231 38,Trelleborg,Sverige
3303213,231 45,Trelleborg,Sverige
3308844,231 55,Trelleborg,Sverige
3200622,231 55,Trelleborg,Sverige
3009176,231 62,Trelleborg,Sverige
3308845,231 66,Trelleborg,Sverige
3019746,231 66,Trelleborg,Sverige
3423659,231 93,Trelleborg,Sverige
3397843,232 31,Arlöv,Sverige
3309079,232 34,Arlöv,Sverige
3192798,232 51,Åkarp,Sverige
3355216,232 53,Åkarp,Sverige
3329223,232 53,Åkarp,Sverige
3362864,232 53,Åkarp,Sverige
3363123,232 53,Åkarp,Sverige
3008456,232 54,Åkarp,Sverige
3350323,232 54,Åkarp,Sverige
3475242,232 54,Åkarp,Sverige
3333175,233 33,Svedala,Sverige
3361795,233 35,Svedala,Sverige
3094210,233 42,Svedala,Sverige
3123410,233 43,Svedala,Sverige
3371268,233 65,Bara,Sverige
3331714,233 75,Klågerup,Sverige
3357942,233 75,Klågerup,Sverige
3369897,233 76,Klågerup,Sverige
3009325,233 76,Klågerup,Sverige
3325865,233 92,Svedala,Sverige
3009078,233 92,Svedala,Sverige
3329376,233 92,Svedala,Sverige
3359219,233 92,Svedala,Sverige
3391001,233 93,Svedala,Sverige
3505531,233 93,Svedala,Sverige
3360353,234 35,Lomma,Sverige
3286031,234 35,Lomma,Sverige
3299430,234 37,Lomma,Sverige
3332324,234 37,Lomma,Sverige
3325152,234 38,Lomma,Sverige
3330758,234 38,Lomma,Sverige
3377116,234 38,Lomma,Sverige
3401292,234 38,Lomma,Sverige
3360012,234 38,Lomma,Sverige
3366861,234 39,Lomma,Sverige
3246770,234 39,Lomma,Sverige
3363907,234 40,Lomma,Sverige
3316387,234 41,Lomma,Sverige
3379410,234 43,Lomma,Sverige
3177662,235 31,Vellinge,Sverige
3363187,235 33,Vellinge,Sverige
3331962,235 36,Vellinge,Sverige
3294973,235 37,Vellinge,Sverige
3341563,235 38,Vellinge,Sverige
3362073,235 38,Vellinge,Sverige
3362095,235 38,Vellinge,Sverige
3325870,235 41,Vellinge,Sverige
3416313,235 41,Vellinge,Sverige
3385277,235 41,Vellinge,Sverige
3201477,235 99,Vellinge,Sverige
3338555,235 99,Vellinge,Sverige
3284173,235 99,Vellinge,Sverige
3345362,236 31,Höllviken,Sverige
3389395,236 42,Höllviken,Sverige
3467682,237 34,Bjärred,Sverige
3342484,237 35,Bjärred,Sverige
3340678,237 36,Bjärred,Sverige
3322438,237 36,Bjärred,Sverige
3342084,237 37,Bjärred,Sverige
3323576,237 41,Bjärred,Sverige
3309513,237 42,Bjärred,Sverige
3260280,238 41,Oxie,Sverige
3251223,238 41,Oxie,Sverige
3247090,241 32,Eslöv,Sverige
3363327,241 34,Eslöv,Sverige
3364124,241 34,Eslöv,Sverige
3307753,241 35,Eslöv,Sverige
3341044,241 36,Eslöv,Sverige
3382967,241 37,Eslöv,Sverige
3250891,241 38,Eslöv,Sverige
3366103,241 38,Eslöv,Sverige
3367123,241 64,Harlösa,Sverige
3336910,241 71,Marieholm,Sverige
3345205,241 93,Eslöv,Sverige
3304016,241 93,Eslöv,Sverige
3008740,241 94,Hurva,Sverige
3311629,242 93,Hörby,Sverige
3241764,243 30,Höör,Sverige
3325345,243 32,Höör,Sverige
3325344,243 32,Höör,Sverige
3364597,243 32,Höör,Sverige
3303628,243 35,Höör,Sverige
3296685,243 36,Höör,Sverige
3420240,243 36,Höör,Sverige
3393019,243 71,Tjörnarp,Sverige
3312933,243 91,Höör,Sverige
3245922,244 30,Kävlinge,Sverige
3184236,244 31,Kävlinge,Sverige
3245709,244 32,Kävlinge,Sverige
3323946,244 39,Kävlinge,Sverige
3343404,244 41,Kävlinge,Sverige
3353796,244 60,Furulund,Sverige
3307668,244 62,Furulund,Sverige
3374641,244 62,Furulund,Sverige
3343413,244 65,Furulund,Sverige
3302579,244 65,Furulund,Sverige
3277985,244 65,Furulund,Sverige
3343423,244 65,Furulund,Sverige
3367733,244 65,Furulund,Sverige
3338181,244 65,Furulund,Sverige
3400262,244 66,Furulund,Sverige
3343817,244 66,Furulund,Sverige
3395117,244 66,Furulund,Sverige
3361686,244 66,Furulund,Sverige
3363401,244 91,Kävlinge,Sverige
3386396,244 91,Kävlinge,Sverige
3245396,244 91,Kävlinge,Sverige
3389339,245 31,Staffanstorp,Sverige
3361693,245 35,Staffanstorp,Sverige
3319523,245 35,Staffanstorp,Sverige
3283455,245 37,Staffanstorp,Sverige
3351039,245 38,Staffanstorp,Sverige
3283441,245 38,Staffanstorp,Sverige
3331309,245 38,Staffanstorp,Sverige
3331312,245 38,Staffanstorp,Sverige
3335816,245 41,Staffanstorp,Sverige
3335815,245 41,Staffanstorp,Sverige
3331311,245 42,Staffanstorp,Sverige
3416148,245 42,Staffanstorp,Sverige
3258864,245 42,Staffanstorp,Sverige
3259703,245 42,Staffanstorp,Sverige
3258817,245 42,Staffanstorp,Sverige
3374884,245 44,Staffanstorp,Sverige
3343430,245 44,Staffanstorp,Sverige
3365802,245 44,Staffanstorp,Sverige
3444422,245 44,Staffanstorp ,Sverige
3344815,245 44,Staffanstorp,Sverige
3302603,245 62,Hjärup,Sverige
3347619,245 63,Hjärup,Sverige
3347620,245 63,Hjärup,Sverige
3243328,245 92,Staffanstorp,Sverige
3325934,245 92,Staffanstorp,Sverige
3119260,245 93,Staffanstorp,Sverige
3325935,245 93,Staffanstorp,Sverige
3356821,246 30,Löddeköpinge,Sverige
3309510,246 31,Löddeköpinge,Sverige
3366927,246 32,Löddeköpinge,Sverige
3260885,246 33,Löddeköpinge,Sverige
3273894,246 34,Löddeköpinge,Sverige
3380626,246 50,Löddeköpinge,Sverige
3380624,246 50,Löddeköpinge,Sverige
3309106,247 32,Södra Sandby,Sverige
3293110,247 32,Södra Sandby,Sverige
3396220,247 33,Södra Sandby,Sverige
3292609,247 34,Södra Sandby,Sverige
3371131,247 34,Södra Sandby,Sverige
3313857,247 34,Södra Sandby,Sverige
3316506,247 34,Södra Sandby,Sverige
3332421,247 34,Södra Sandby,Sverige
3292612,247 35,Södra Sandby,Sverige
3309109,247 36,Södra Sandby,Sverige
3451529,247 51,Dalby,Sverige
3328923,247 51,Dalby,Sverige
3356950,247 52,Dalby,Sverige
3328940,247 52,Dalby,Sverige
3336759,247 52,Dalby,Sverige
3412530,247 52,Dalby,Sverige
3334150,247 53,Dalby,Sverige
3329707,247 53,Dalby,Sverige
3296993,247 53,Dalby,Sverige
3328985,247 53,Dalby,Sverige
3311407,247 53,Dalby,Sverige
3372547,247 54,Dalby,Sverige
3351398,247 55,Dalby,Sverige
3335276,247 55,Dalby,Sverige
3329706,247 55,Dalby,Sverige
3361865,247 55,Dalby,Sverige
3460657,247 55,Dalby,Sverige
3355911,247 55,Dalby,Sverige
3386859,247 55,Dalby,Sverige
3007591,247 55,Dalby,Sverige
3386856,247 55,Dalby,Sverige
3386862,247 55,Dalby,Sverige
3421219,247 56,Dalby,Sverige
3428576,247 60,Veberöd,Sverige
3184246,247 61,Veberöd,Sverige
3399471,247 61,Veberöd,Sverige
3343327,247 62,Veberöd,Sverige
3401437,247 63,Veberöd,Sverige
3306982,247 64,Veberöd,Sverige
3377209,247 94,Dalby,Sverige
3372474,247 94,Dalby,Sverige
3349984,247 94,Dalby,Sverige
3307494,247 96,Veberöd,Sverige
3246908,247 96,Veberöd,Sverige
3310802,247 97,Flyinge,Sverige
3319658,247 99,Genarp,Sverige
3267173,252 21,Helsingborg,Sverige
3401373,252 30,Helsingborg,Sverige
3246873,252 44,Helsingborg,Sverige
3349136,252 49,Helsingborg,Sverige
3302898,252 50,Helsingborg,Sverige
3394016,252 51,Helsingborg,Sverige
3281624,252 51,Helsingborg,Sverige
3365103,252 52,Helsingborg,Sverige
3379076,252 63,Helsingborg,Sverige
3373701,252 69,Råå,Sverige
3325908,252 73,Gantofta,Sverige
3447867,252 76,Helsingborg,Sverige
3264691,253 41,Vallåkra,Sverige
3386453,253 42,Vallåkra,Sverige
3230568,253 42,Vallåkra,Sverige
3481708,253 52,Påarp,Sverige
3318226,253 52,Påarp,Sverige
3311214,253 52,Påarp,Sverige
3310121,253 53,Påarp,Sverige
3340926,253 54,Mörarp,Sverige
3333527,253 54,Mörarp,Sverige
3377240,253 55,Mörarp,Sverige
3412029,253 56,Mörarp,Sverige
3310180,253 62,Helsingborg,Sverige
3383283,253 73,Gantofta,Sverige
3257584,254 40,Helsingborg,Sverige
3351160,254 49,Helsingborg,Sverige
3338280,254 54,Helsingborg,Sverige
3341783,254 74,Ödåkra,Sverige
3357643,254 83,Helsingborg,Sverige
3358848,256 54,Ramlösa,Sverige
3338033,256 55,Helsingborg,Sverige
3217575,256 55,Helsingborg,Sverige
3492182,256 56,Helsingborg,Sverige
3389878,256 56,Helsingborg,Sverige
3355269,256 57,Ramlösa,Sverige
3335716,257 30,Rydebäck,Sverige
3314748,257 30,Rydebäck,Sverige
3384635,257 30,Rydebäck,Sverige
3398161,257 30,Rydebäck,Sverige
3325706,257 30,Rydebäck,Sverige
3329260,257 31,Rydebäck,Sverige
3298745,257 31,Rydebäck,Sverige
3384641,257 31,Rydebäck,Sverige
3346646,257 31,Rydebäck,Sverige
3301991,257 32,Rydebäck,Sverige
3203911,257 32,Rydebäck,Sverige
3204043,257 32,Rydebäck,Sverige
3345853,257 33,Rydebäck,Sverige
3298747,257 33,Rydebäck,Sverige
3009825,257 33,Rydebäck,Sverige
3301992,257 33,Rydebäck,Sverige
3345856,257 33,Rydebäck,Sverige
3334040,257 33,Rydebäck,Sverige
3346660,257 33,Rydebäck,Sverige
3309253,257 34,Rydebäck,Sverige
3228043,261 32,Landskrona,Sverige
3349598,261 38,Landskrona,Sverige
3316090,261 38,Landskrona,Sverige
3364067,261 41,Landskrona,Sverige
3245093,261 42,Landskrona,Sverige
3406604,261 47,Landskrona,Sverige
3418069,261 61,Landskrona,Sverige
3409353,261 62,Glumslöv,Sverige
3407614,261 62,Glumslöv,Sverige
3448716,261 62,Glumslöv,Sverige
3322556,261 72,Häljarp,Sverige
3302601,261 73,Häljarp,Sverige
3331149,261 73,Häljarp,Sverige
3360861,261 75,Assmundtorp,Sverige
3360672,261 75,Assmundtorp,Sverige
3302465,262 36,Ängelholm,Sverige
3374741,262 53,Ängelholm,Sverige
3218213,262 60,Ängelholm,Sverige
3345464,262 62,Ängelholm,Sverige
3443019,262 63,Ängelholm,Sverige
3393999,262 73,Ängelholm,Sverige
3312117,263 34,Höganäs,Sverige
3328906,263 34,Höganäs,Sverige
3377596,263 36,Höganäs,Sverige
3377607,263 36,Höganäs,Sverige
3365284,263 36,Höganäs,Sverige
3322152,263 37,Höganäs,Sverige
3468998,263 39,Höganäs,Sverige
3357993,263 53,Lerberget,Sverige
3363501,263 54,Lerberget,Sverige
3357997,263 54,Lerberget,Sverige
3365288,263 54,Lerberget,Sverige
3260956,263 57,Höganäs,Sverige
3334629,263 64,Viken,Sverige
3310956,263 71,Jonstorp,Sverige
3347233,263 71,Jonstorp,Sverige
3019871,263 71,Jonstorp,Sverige
3397255,263 71,Jonstorp,Sverige
3377600,263 73,Arild,Sverige
3330478,263 76,Nyhamnsläge,Sverige
3104947,263 94,Mjöhult,Sverige
3202579,263 94,Mjöhult,Sverige
3438112,263 94,Mjöhult,Sverige
3365287,263 94,Mjöhult,Sverige
3300018,263 95,Farhult,Sverige
3338284,263 95,Farhult,Sverige
3317447,263 95,Farhult,Sverige
3347266,263 95,Farhult,Sverige
3294220,263 95,Mjöhult,Sverige
3354300,264 35,Klippan,Sverige
3357201,264 36,klippan,Sverige
3357989,264 70,Klippan,Sverige
3358319,264 71,Östra Ljungby,Sverige
3327601,264 92,Klippan,Sverige
3322244,264 94,Klippan,Sverige
3245087,265 71,Kvidinge,Sverige
3338233,265 74,Hyllinge,Sverige
3338234,265 74,Hyllinge,Sverige
3374842,265 78,Tågarp,Sverige
3313366,266 33,Munka-Ljungy,Sverige
3254647,266 33,Munka-Ljungby,Sverige
3314188,266 54,Vejbystrand,Sverige
3368369,266 91,Össjö,Sverige
3428553,266 95,Munka-Ljungby,Sverige
3383111,266 95,Munka-Ljungby,Sverige
3322406,266 98,Hjärnarp,Sverige
3322405,266 98,Hjärnarp,Sverige
3296329,266 98,Hjärnarp,Sverige
3420499,267 71,Ekeby,Sverige
3458136,267 75,Ekeby,Sverige
3442443,267 77,Ekeby,Sverige
3442461,267 77,Ekeby,Sverige
3401567,267 77,Ekeby,Sverige
3257799,268 73,Billeberga,Sverige
3312707,268 90,Svalöv,Sverige
3276704,268 90,Svalöv,Sverige
3176564,269 40,Båstad,Sverige
3322404,269 40,Båstad,Sverige
3176563,269 40,Båstad,Sverige
3324956,269 62,Grevie,Sverige
3360703,269 72,Förslöv,Sverige
3327110,269 72,Förslöv,Sverige
3361307,269 72,Förslöv,Sverige
3321920,269 72,Förslöv,Sverige
3360446,269 73,Förslöv,Sverige
3318616,269 78,Torekov,Sverige
3319123,271 99,Ystad,Sverige
3358669,272 36,Simrishamn,Sverige
3327935,273 55,Brösarp,Sverige
3312396,273 57,Brösarp,Sverige
3313033,273 98,Smedstorp,Sverige
3416579,275 32,Sjöbo,Sverige
3339704,275 34,Sjöbo,Sverige
3380111,275 62,Blentarp,Sverige
3372113,275 75,Lövestad,Sverige
3395326,275 92,Sjöbo,Sverige
3248298,275 93,Sjöbo,Sverige
3248303,275 93,Sjöbo,Sverige
3128595,277 35,Kivik,Sverige
3302467,286 72,Åsljunga,Sverige
3365342,288 33,Vinslöv,Sverige
3390023,288 33,Vinslöv,Sverige
3348954,288 34,VINSLÖV,Sverige
3390018,288 34,Vinslöv,Sverige
3401049,288 90,Vinslöv,Sverige
3330801,289 46,Glimåkra,Sverige
3285175,289 73,Immeln,Sverige
3346970,289 90,Knislinge,Sverige
3308657,290 31,Kristianstad,Sverige
3201066,290 33,Kristianstad,Sverige
3416544,290 51,Kristianstad,Sverige
3247739,291 30,Kristianstad,Sverige
3352891,291 35,Kristianstad,Sverige
3355099,291 35,Kristianstad,Sverige
3248674,291 39,Kristianstad,Sverige
3130160,291 42,Kristianstad,Sverige
3355178,291 44,Kristianstad,Sverige
3316535,291 44,Kristianstad,Sverige
3247891,291 45,Kristianstad,Sverige
3345843,291 50,Kristianstad,Sverige
3247860,291 54,Kristianstad,Sverige
3027635,291 58,Kristianstad,Sverige
3247903,291 59,Kristianstad,Sverige
3303482,291 63,Kristianstad,Sverige
3339733,291 65,Kristianstad,Sverige
3323951,291 65,Kristianstad,Sverige
3220088,291 67,Fjälkinge,Sverige
3246742,291 69,Fjälkinge,Sverige
3345718,291 69,Fjälkinge,Sverige
3311163,291 69,Fjälkinge,Sverige
3343252,291 70,Kristianstad,Sverige
3349819,291 77,Gärds Köpinge,Sverige
3323535,291 92,Kristianstad,Sverige
3247901,291 92,Kristianstad,Sverige
3341301,291 97,Gärds Köpinge,Sverige
3349128,293 31,Olofström,Sverige
3419099,293 73,Jämshög,Sverige
3369796,293 94,Kyrkhult,Sverige
3240994,294 32,Sölvesborg,Sverige
3344654,294 72,Sölvesborg,Sverige
3350126,294 76,Sölvesborg,Sverige
3380883,295 34,Bromölla,Sverige
3397296,295 38,Bromölla,Sverige
3186817,295 39,Bromölla,Sverige
3186649,295 39,Bromölla,Sverige
3368469,296 32,Åhus,Sverige
3332295,296 32,Åhus,Sverige
3257909,296 33,Åhus,Sverige
3397975,296 35,Åhus,Sverige
3408193,296 37,Åhus,Sverige
3417294,296 37,Åhus,Sverige
3387311,296 72,Yngsjö,Sverige
3317812,297 72,Everöd,Sverige
3419734,297 94,Degeberga,Sverige
3347414,297 94,Degeberga,Sverige
3329799,297 94,Degeberga,Sverige
3424809,297 95,Degeberga,Sverige
3187230,302 34,Halmstad,Sverige
3251205,302 58,Halmstad,Sverige
3364243,302 58,Halmstad,Sverige
3359556,302 61,Halmstad,Sverige
3365596,302 61,Halmstad,Sverige
3352349,302 65,Halmstad,Sverige
3411271,302 71,Halmstad,Sverige
3338504,302 92,Halmstad,Sverige
3258759,302 93,Halmstad,Sverige
3259843,305 60,Harplinge,Sverige
3335747,305 64,Gullbrandstorp,Sverige
3398966,305 78,Kvibille,Sverige
3379062,305 78,Kvibille,Sverige
3461223,311 68,Slöinge,Sverige
3378764,312 77,Skottorp,Sverige
3235859,313 30,Oskarström,Sverige
3215564,313 97,Simlångsdalen,Sverige
3010717,313 97,Simlångsdalen,Sverige
3288740,313 97,Simlångsdalen,Sverige
3427704,314 96,Torup,Sverige
3136012,331 43,Värnamo,Sverige
3285514,331 55,Värnamo,Sverige
3472134,331 91,Värnamo,Sverige
3391435,331 95,Värnamo,Sverige
3496865,332 36,Gislaved,Sverige
3497440,332 36,Gislaved,Sverige
3497659,332 37,Gislaved,Sverige
3497032,332 38,Gislaved,Sverige
3305106,333 73,Bredaryd,Sverige
3305172,342 31,Alvesta,Sverige
3343806,342 51,Vislanda,Sverige
3343819,342 61,Växjö,Sverige
3453478,342 61,Moheda,Sverige
3453479,342 61,Moheda,Sverige
3398287,342 62,Moheda,Sverige
3453414,343 35,Älmhult,Sverige
3453396,343 72,Eneryda,Sverige
3453840,343 73,Virestad,Sverige
3293916,352 33,Växjö,Sverige
3371273,352 39,Växjö,Sverige
3421217,352 40,Växjö,Sverige
3372824,352 41,Växjö,Sverige
3453535,352 49,Växjö,Sverige
3201162,352 55,Växjö,Sverige
3321553,352 66,Växjö,Sverige
3321519,352 66,Växjö,Sverige
3321274,363 31,Rottne,Sverige
3336160,363 31,Rottne,Sverige
3320994,363 33,Rottne,Sverige
3291929,363 33,Rottne,Sverige
3453678,363 34,Tjureda,Sverige
3453566,363 94,Lammhult,Sverige
3453714,363 94,Lammhult,Sverige
3453502,363 94,Lammhult,Sverige
3453523,363 94,Lammhult,Sverige
3453742,363 94,Lammhult,Sverige
3453676,363 94,Lammhult,Sverige
3497713,364 43,Alstermo,Sverige
3497720,364 43,Alstermo,Sverige
3238801,364 43,Alstermo,Sverige
3443579,371 18,Karlskrona,Sverige
3232815,371 31,Karlskrona,Sverige
3394469,371 57,Karlskrona,Sverige
3321332,372 38,Ronneby,Sverige
3399294,383 39,Mönsterås,Sverige
3394438,386 35,Färjestaden,Sverige
3394456,386 93,Färjestaden,Sverige
3392373,387 95,Köpingsvik,Sverige
3353962,388 32,Ljungbyholm,Sverige
3400711,388 94,Vassmolösa,Sverige
3501118,392 37,Kalmar,Sverige
3197184,392 42,Kalmar,Sverige
3006843,392 56,Kalmar,Sverige
3328289,392 57,Kalmar,Sverige
3378895,393 51,Kalmar,Sverige
3295517,393 54,Kalmar,Sverige
3352726,393 63,Kalmar,Sverige
3319678,395 93,Rockneby,Sverige
3264186,403 20,Göteborg,Sverige
3298471,403 20,Göteborg,Sverige
3317851,412 49,Göteborg,Sverige
3206029,412 61,Göteborg,Sverige
3220930,412 61,Göteborg,Sverige
3382873,412 62,Göteborg,Sverige
3382832,412 62,Göteborg,Sverige
3149703,412 62,Göteborg,Sverige
3381359,412 62,Göteborg,Sverige
3375186,412 67,Göteborg,Sverige
3435084,412 69,Göteborg,Sverige
3364479,412 73,Göteborg,Sverige
3343435,412 74,Göteborg,Sverige
3326659,412 74,Göteborg,Sverige
3340070,412 75,Göteborg,Sverige
3304433,412 81,Göteborg,Sverige
3383095,413 02,Göteborg,Sverige
3376352,413 02,Göteborg,Sverige
3362776,413 06,Göteborg,Sverige
3412180,413 09,Göteborg,Sverige
3361933,413 11,Göteborg,Sverige
3338015,413 11,Göteborg,Sverige
3224364,413 18,Göteborg,Sverige
3347333,413 19,Göteborg,Sverige
3260615,413 19,Göteborg,Sverige
3331998,413 21,Göteborg,Sverige
3376238,413 22,Göteborg,Sverige
3396790,413 23,Göteborg,Sverige
3326425,413 24,Göteborg,Sverige
3243646,413 25,Göteborg,Sverige
3287453,413 25,Göteborg,Sverige
3333415,413 26,Göteborg,Sverige
3356047,413 26,Göteborg,Sverige
3382823,413 26,Göteborg,Sverige
3380914,414 51,Göteborg,Sverige
3351971,414 51,Göteborg,Sverige
3288805,414 51,Göteborg,Sverige
3380427,414 53,Göteborg,Sverige
3204944,414 54,Göteborg,Sverige
3366456,414 57,Göteborg,Sverige
3361516,414 62,Göteborg,Sverige
3361517,414 62,Göteborg,Sverige
3426752,414 62,Göteborg,Sverige
3291572,414 63,Göteborg,Sverige
3272408,414 64,Göteborg,Sverige
3310402,414 64,Göteborg,Sverige
3349479,414 65,Göteborg,Sverige
3364031,414 70,Göteborg,Sverige
3041039,414 74,Göteborg,Sverige
3391411,414 75,Göteborg,Sverige
3311305,414 75,Göteborg,Sverige
3359168,414 76,Göteborg,Sverige
3355404,414 76,Göteborg,Sverige
3321198,414 80,Göteborg,Sverige
3475339,414 82,Göteborg,Sverige
3360228,414 82,Göteborg,Sverige
3358733,414 82,Göteborg,Sverige
3335413,415 36,Göteborg,Sverige
3367875,415 54,Göteborg,Sverige
3420061,415 72,Göteborg,Sverige
3428132,415 72,Göteborg,Sverige
3420139,415 73,Göteborg,Sverige
3344886,416 53,Göteborg,Sverige
3352989,416 53,Göteborg,Sverige
3403938,416 53,Göteborg,Sverige
3352457,416 56,Göteborg,Sverige
3323747,416 56,Göteborg,Sverige
3359435,416 57,Göteborg,Sverige
3362773,416 58,Göteborg,Sverige
3354682,416 60,Göteborg,Sverige
3222750,416 72,Göteborg,Sverige
3415767,416 72,Göteborg,Sverige
3460110,416 73,Göteborg,Sverige
3344934,416 74,Göteborg,Sverige
3412679,416 75,Göteborg,Sverige
3331109,416 75,Göteborg,Sverige
3340779,416 78,Göteborg,Sverige
3370040,416 78,Göteborg,Sverige
3329732,416 79,Göteborg,Sverige
3326917,416 79,Göteborg,Sverige
3372610,416 79,Göteborg,Sverige
3397456,416 79,Göteborg,Sverige
3381326,416 79,Göteborg,Sverige
3364428,416 80,Göteborg,Sverige
3365414,416 80,Göteborg,Sverige
3355712,416 80,Göteborg,Sverige
3326008,416 80,Göteborg,Sverige
3383423,416 80,Göteborg,Sverige
3389727,416 80,Göteborg,Sverige
3326036,416 82,Göteborg,Sverige
3467699,416 83,Göteborg,Sverige
3352654,417 01,Göteborg,Sverige
3030590,417 01,Göteborg,Sverige
3417778,417 03,Göteborg,Sverige
3426943,417 13,Göteborg,Sverige
3440412,417 14,Göteborg,Sverige
3143204,417 21,Göteborg,Sverige
3336099,417 27,Göteborg,Sverige
3361053,417 27,Göteborg,Sverige
3396310,417 27,Göteborg,Sverige
3132481,417 28,Göteborg,Sverige
3372780,417 28,Göteborg,Sverige
3404372,417 29,Göteborg,Sverige
3356712,417 29,Göteborg,Sverige
3312760,417 41,Göteborg,Sverige
3378279,417 42,Göteborg,Sverige
3377251,417 42,Göteborg,Sverige
3221528,417 42,Göteborg,Sverige
3333543,417 43,Göteborg,Sverige
3311957,417 46,Göteborg,Sverige
3033279,417 46,Göteborg,Sverige
3364426,417 46,Göteborg,Sverige
3450068,417 49,Göteborg,Sverige
3325589,417 49,Göteborg,Sverige
3325588,417 49,Göteborg,Sverige
3379909,417 49,Göteborg,Sverige
3366978,417 49,Göteborg,Sverige
3243151,417 49,Göteborg,Sverige
3138106,417 56,Göteborg,Sverige
3322576,418 32,Göteborg,Sverige
3198768,418 43,Göteborg,Sverige
3357023,418 72,Göteborg,Sverige
3136859,418 74,Göteborg,Sverige
3325576,421 33,Västra Frölunda,Sverige
3309947,421 35,Västra Frölunda,Sverige
3306660,421 37,Västra Frölunda,Sverige
3331499,421 43,Västra Frölunda,Sverige
3185476,421 48,Västra Frölunda,Sverige
3425123,421 57,Västra Frölunda,Sverige
3350476,421 60,Västra Frölunda,Sverige
3400011,421 63,Västra Frölunda,Sverige
3321893,421 64,Västra Frölunda,Sverige
3227037,421 64,Västra Frölunda,Sverige
3415449,421 64,Västra Frölunda,Sverige
3068822,421 71,Västra Frölunda,Sverige
3333181,422 41,Hisings Backa,Sverige
3341933,422 43,Hisings Backa,Sverige
3281427,422 47,Göteborg,Sverige
3379585,422 47,Hisings Backa,Sverige
3345833,422 57,Hisings backa,Sverige
3381998,422 57,Hisings backa,Sverige
3349313,422 57,Hisings Backa,Sverige
3388524,423 32,Torslanda,Sverige
3372371,423 33,Torslanda,Sverige
3358332,423 33,Torslanda,Sverige
3402780,423 36,Göteborg,Sverige
3353951,423 37,Torslanda,Sverige
3388578,423 38,Torslanda,Sverige
3427881,423 38,Torslanda,Sverige
3427029,423 38,Torslanda,Sverige
3342385,423 39,Torslanda,Sverige
3291051,423 39,Torslanda,Sverige
3348520,423 39,Torslanda,Sverige
3390406,423 39,Torslanda,Sverige
3348335,423 39,Torslanda,Sverige
3343622,423 39,Torslanda,Sverige
3232107,423 39,Torslanda,Sverige
3403560,423 41,Torslanda,Sverige
3301081,423 41,Torslanda,Sverige
3458961,423 46,Torslanda,Sverige
3349567,423 46,Torslanda,Sverige
3344708,423 47,Torslanda,Sverige
3388653,423 49,Torslanda,Sverige
3313988,423 49,Torslanda,Sverige
3369251,423 49,Torslanda,Sverige
3369256,423 49,Torslanda,Sverige
3348522,423 49,Torslanda,Sverige
3369270,423 50,Torslanda,Sverige
3389409,423 51,Torslanda,Sverige
3389411,423 51,Torslanda,Sverige
3369273,423 53,Torslanda,Sverige
3330274,423 53,Torslanda,Sverige
3323038,423 53,Torslanda,Sverige
3405396,423 53,Torslanda,Sverige
3363644,423 56,Torslanda,Sverige
3339435,423 61,Torslanda,Sverige
3318100,423 61,Torslanda,Sverige
3358636,423 70,Säve,Sverige
3327854,423 70,Säve,Sverige
3363560,423 72,Säve,Sverige
3322334,423 72,Säve,Sverige
3444930,424 70,Olofstorp,Sverige
3354990,424 70,Olofstorp,Sverige
3497667,424 72,Olofstorp,Sverige
3497670,424 72,Olofstorp,Sverige
3400336,424 90,Olofstorp,Sverige
3489697,424 90,Olofstorp,Sverige
3301922,425 30,Hisings Kärra,Sverige
3391246,425 32,Hisings Kärra,Sverige
3366755,426 69,Västra Frölunda,Sverige
3367984,426 70,Västra Frölunda,Sverige
3343040,427 35,Billdal,Sverige
3356883,427 38,Billdal,Sverige
3211505,428 30,Kållered,Sverige
3291938,428 30,Kållered,Sverige
3252222,428 30,Kållered,Sverige
3410647,428 34,Kållered,Sverige
3326626,428 34,Kållered,Sverige
3401676,428 34,Kållered,Sverige
3363094,428 34,Kållered,Sverige
3440322,428 37,Kållered,Sverige
3336837,429 32,Kullavik,Sverige
3297297,429 32,Kullavik,Sverige
3294446,429 32,Kullavik,Sverige
3280963,429 32,Kullavik,Sverige
3383022,431 32,Mölndal,Sverige
3342302,431 32,Mölndal,Sverige
3355892,431 33,Mölndal,Sverige
3420443,431 34,Mölndal,Sverige
3317322,431 35,Mölndal,Sverige
3337697,431 35,Mölndal,Sverige
3331628,431 36,Mölndal,Sverige
3363080,431 38,Mölndal,Sverige
3341173,431 38,Mölndal,Sverige
3259637,431 38,Mölndal,Sverige
3406054,431 38,Mölndal,Sverige
3413887,431 40,Mölndal,Sverige
3375691,431 42,Mölndal,Sverige
3296520,431 43,Mölndal,Sverige
3494662,431 46,Mölndal,Sverige
3384053,431 49,Mölndal,Sverige
3384068,431 49,Mölndal,Sverige
3329221,431 51,Mölndal,Sverige
3324973,431 59,Mölndal,Sverige
3426006,431 59,Mölndal,Sverige
3396563,431 59,Mölndal,Sverige
3325215,431 59,Mölndal,Sverige
3338523,431 63,Mölndal,Sverige
3247475,431 65,Mölndal,Sverige
3326629,431 66,Mölndal,Sverige
3337662,431 66,Mölndal,Sverige
3420310,431 66,Mölndal,Sverige
3337698,431 66,Mölndal,Sverige
3426176,431 67,Mölndal,Sverige
3406487,431 67,Mölndal,Sverige
3347791,431 69,Mölndal,Sverige
3331295,431 69,Mölndal,Sverige
3485664,432 37,Varberg,Sverige
3309172,432 45,Varberg,Sverige
3365592,432 45,Varberg,Sverige
3328416,432 46,Varberg,Sverige
3241268,432 47,Varberg,Sverige
3321346,432 50,Varberg,Sverige
3496111,432 51,Varberg,Sverige
3419023,432 74,Träslövsläge,Sverige
3302657,432 74,Träslövsläge,Sverige
3272593,432 74,Träslövsläge,Sverige
3488435,432 75,Träslövsläge,Sverige
3284432,432 75,Träslövsläge,Sverige
3405408,432 77,Tvååker,Sverige
3223348,432 95,Varberg,Sverige
3225701,433 37,Partille,Sverige
3354587,433 41,Partille,Sverige
3364809,433 42,Partille,Sverige
3314589,433 47,Partille,Sverige
3366381,433 51,Öjersjö,Sverige
3468627,433 52,Öjersjö,Sverige
3022734,433 60,Sävedalen,Sverige
3418609,433 61,Sävedalen,Sverige
3453794,433 62,Sävedalen,Sverige
3453795,433 62,Sävedalen,Sverige
3453096,433 62,Sävedalen,Sverige
3355620,433 64,Sävedalen,Sverige
3405504,433 69,Sävedalen,Sverige
3327217,433 75,Jonsered,Sverige
3332030,433 76,Jonsered,Sverige
3391205,434 36,Kungsbacka,Sverige
3416981,434 44,Kungsbacka,Sverige
3369736,434 48,Kungsbacka,Sverige
3444950,435 31,Mölnlycke,Sverige
3302773,435 35,Mölnlycke,Sverige
3302755,435 35,Mölnlycke,Sverige
3444944,435 39,Mölnlycke,Sverige
3362191,435 39,Mölnlycke,Sverige
3351338,435 39,Mölnlycke,Sverige
3444947,435 39,Mölnlycke,Sverige
3255116,435 40,Mölnlycke,Sverige
3302226,435 40,Mölnlycke,Sverige
3337705,435 41,Mölnlycke,Sverige
3453560,435 41,Mölnlycke,Sverige
3327220,435 42,Mölnlycke,Sverige
3444949,435 42,Mölnlycke,Sverige
3453402,435 43,Pixbo,Sverige
3453596,435 43,Pixbo,Sverige
3453416,435 43,Pixbo,Sverige
3453598,435 44,Mölnlycke,Sverige
3453551,435 44,Mölnlycke,Sverige
3337474,435 44,Mölnlycke,Sverige
3303111,436 38,Askim,Sverige
3323263,436 44,Askim,Sverige
3323815,436 54,Hovås,Sverige
3355474,436 54,Hovås,Sverige
3325965,437 31,Lindome,Sverige
3391036,437 32,Lindome,Sverige
3246157,437 41,Lindome,Sverige
3333447,437 41,Lindome,Sverige
3011064,437 93,Lindome,Sverige
3310378,438 35,Landvetter,Sverige
3352348,438 35,Landvetter,Sverige
3359193,438 35,Landvetter,Sverige
3203837,438 35,Landvetter,Sverige
3351144,438 36,Landvetter,Sverige
3302758,438 36,Landvetter,Sverige
3012201,438 38,Landvetter,Sverige
3268199,438 91,Landvetter,Sverige
3332803,438 95,Hällingsjö,Sverige
3316043,439 72,Fjärås,Sverige
3490278,44 6EA U NPK,Cwmbran,Storbritannien
3123849,441 32,Alingsås,Sverige
3175469,441 32,Alingsås,Sverige
3392996,441 40,Alingsås,Sverige
3441769,441 60,Alingsås,Sverige
3326814,441 63,Alingsås,Sverige
3362282,441 63,Alingsås,Sverige
3362281,441 63,Alingsås,Sverige
3407092,441 63,Alingsås,Sverige
3298371,441 74,Sollebrunn,Sverige
3334195,441 96,Alingsås,Sverige
3398065,442 31,Kungälv,Sverige
3398234,442 43,Kungälv,Sverige
3369998,442 50,Ytterby,Sverige
3487838,442 54,Ytterby,Sverige
3303208,442 54,Ytterby,Sverige
3375867,442 54,Ytterby,Sverige
3427197,442 77,Romelanda,Sverige
3362101,442 93,Kareby,Sverige
3209064,442 96,Kode,Sverige
3098050,442 96,Kode,Sverige
3320676,443 34,Lerum,Sverige
3320209,443 40,Gråbo,Sverige
3320208,443 40,Gråbo,Sverige
3444746,443 41,Gråbo,Sverige
3444779,443 41,Gråbo,Sverige
3305792,443 41,Gråbo,Sverige
3261945,443 42,Gråbo,Sverige
3284309,443 42,Gråbo,Sverige
3380710,443 42,Gråbo,Sverige
3408767,443 42,Gråbo,Sverige
3355056,443 44,Gråbo,Sverige
3355054,443 44,Gråbo,Sverige
3495952,443 60,Stenkullen,Sverige
3261948,443 70,Gråbo,Sverige
3261947,443 70,Gråbo,Sverige
3372411,443 72,Gråbo,Sverige
3325635,444 45,Stenungsund,Sverige
3325630,444 45,Stenungsund,Sverige
3392380,444 60,Stora Höga,Sverige
3208194,444 96,Ödsmål,Sverige
3335655,445 34,Bohus,Sverige
3332865,445 34,Bohus,Sverige
3334137,445 34,Bohus,Sverige
3330389,445 36,Bohus,Sverige
3332792,445 36,Bohus,Sverige
3375876,445 57,Surte,Sverige
3307723,446 33,Älvängen,Sverige
3360641,446 35,Älvängen,Sverige
3360826,446 41,Skepplanda,Sverige
3347892,448 34,Floda,Sverige
3360325,448 35,Floda,Sverige
3489397,448 35,Floda,Sverige
3443385,448 36,Floda,Sverige
3443386,448 36,Floda,Sverige
3241125,448 36,Floda,Sverige
3408243,448 50,Tollered,Sverige
3283024,448 50,Tollered,Sverige
3301733,448 50,Tollered,Sverige
3010947,448 50,Tollered,Sverige
3329295,448 96,Tollered,Sverige
3341925,449 30,Nödinge,Sverige
3341617,449 30,Nödinge,Sverige
3334359,449 44,Nol,Sverige
3297781,449 44,Nol,Sverige
3328401,449 50,Alafors,Sverige
3343662,449 50,Alafors,Sverige
3288263,451 44,Uddevalla,Sverige
3319338,451 63,Uddevalla,Sverige
3366363,451 91,Uddevalla,Sverige
3142086,453 91,Lysekil,Sverige
3453526,458 96,Högsäter,Sverige
3360177,459 30,Ljungskile,Sverige
3334815,459 30,Ljungskile,Sverige
3347717,459 30,Ljungskile,Sverige
3264739,461 32,Trollhättan,Sverige
3254825,461 33,Trollhättan,Sverige
3439809,461 40,Trollhättan,Sverige
3350064,461 41,Trollhättan,Sverige
3366219,461 41,Trollhättan,Sverige
3013162,461 41,Trollhättan,Sverige
3461568,461 42,Trollhättan,Sverige
3348389,461 51,Trollhättan,Sverige
3306360,461 53,Trollhättan,Sverige
3461764,461 54,Trollhättan,Sverige
3433201,461 58,Trollhättan,Sverige
3242543,461 58,Trollhättan,Sverige
3345447,461 58,Trollhättan,Sverige
3331368,461 67,Trollhättan,Sverige
3387954,461 79,Upphärad,Sverige
3352877,461 92,Trollhättan,Sverige
3243671,461 93,Västra Tunhem,Sverige
3317705,461 93,Västra Tunhem,Sverige
3332002,461 93,Västra Tunhem,Sverige
3243664,461 93,Västra Tunhem,Sverige
3332318,461 93,Västra Tunhem,Sverige
3438214,461 93,Västra Tunhem,Sverige
3437861,461 93,Västra Tunhem,Sverige
3344836,461 94,Trollhättan,Sverige
3430741,461 98,Trollhättan,Sverige
3412040,461 98,Trollhättan,Sverige
3382857,461 99,Upphärad,Sverige
3019054,461 99,Upphärad,Sverige
3174787,461 99,Upphärad,Sverige
3345069,461 99,Upphärad,Sverige
3332378,462 36,Vänersborg,Sverige
3406388,462 52,Vänersborg,Sverige
3374583,462 55,Vänersborg,Sverige
3385541,462 55,Vänersborg,Sverige
3195696,462 60,Vänersborg,Sverige
3450918,462 93,Vänersborg,Sverige
3439571,468 30,Vargön,Sverige
3461573,468 32,Vargön,Sverige
3437028,468 33,Vargön,Sverige
3366106,468 33,Vargön,Sverige
3410921,468 34,Vargön,Sverige
3349148,472 32,Svanesund,Sverige
3295533,473 95,Henån,Sverige
3294417,473 99,Henån,Sverige
3211155,503 30,Borås,Sverige
3330840,503 32,Borås,Sverige
3399040,503 32,Borås,Sverige
3366249,504 56,Borås,Sverige
3316631,504 66,Borås,Sverige
3345530,504 70,Borås,Sverige
3355490,504 75,Borås,Sverige
3283699,504 91,Sandhult,Sverige
3317346,504 91,Sandhult,Sverige
3385310,504 94,Borås,Sverige
3162893,506 31,Borås,Sverige
3299592,506 39,Borås,Sverige
3299591,506 39,Borås,Sverige
3281636,507 64,Borås,Sverige
3441364,511 53,Kinna,Sverige
3411853,511 53,Kinna,Sverige
3393934,511 62,Skene,Sverige
3262743,512 50,Svenljunga,Sverige
3323585,512 54,Svenljunga,Sverige
3389835,515 70,Rydboholm,Sverige
3446051,516 95,Målsryd,Sverige
3302856,516 95,Målsryd,Sverige
3413354,517 37,Bollebygd,Sverige
3319397,517 37,Bollebygd,Sverige
3419952,517 37,Bollebygd,Sverige
3336297,517 37,Bollebygd,Sverige
3399189,517 71,Olsfors,Sverige
3313621,517 91,Bollebygd,Sverige
3180187,517 91,Bollebygd,Sverige
3324166,517 92,Bollebygd,Sverige
3316825,518 30,Sandared,Sverige
3375194,518 32,Sandared,Sverige
3013342,532 33,Skara,Sverige
3296988,532 33,Skara,Sverige
3392970,534 30,Vara,Sverige
3392969,534 34,Vara,Sverige
3330607,534 61,Vedum,Sverige
3321937,534 62,Vara,Sverige
3296370,534 62,Larv,Sverige
3302721,534 73,Stora Levene,Sverige
3325981,534 91,Vara,Sverige
3294768,541 61,Skövde,Sverige
3069702,541 97,Lerdala,Sverige
3248965,549 31,Tidan,Sverige
3440752,553 13,Jönköping,Sverige
3383644,553 13,Jönköping,Sverige
3366827,553 24,Jönköping,Sverige
3214053,553 38,Jönköping,Sverige
3222343,553 38,Jönköping,Sverige
3464917,553 38,Jönköping,Sverige
3301507,553 38,Jönköping,Sverige
3366831,554 38,Jönköping,Sverige
3379133,554 48,Jönköping,Sverige
3368316,554 48,Jönköping,Sverige
3305346,554 51,Jönköping,Sverige
3353081,554 53,Jönköping,Sverige
3381028,554 66,Jönköping,Sverige
3388966,554 74,Jönköping,Sverige
3390510,560 27,Tenhult,Sverige
3333833,560 61,Tenhult,Sverige
3377750,561 38,Huskvarna,Sverige
3386216,561 39,Huskvarna,Sverige
3295706,561 42,Huskvarna,Sverige
3263048,561 49,Huskvarna,Sverige
3437461,561 49,Huskvarna,Sverige
3309226,561 60,Tenhult,Sverige
3331865,561 60,Tenhult,Sverige
3312183,561 62,Tenhult,Sverige
3343453,561 62,Tenhult,Sverige
3331903,561 62,Tenhult,Sverige
3309231,561 63,Tenhult,Sverige
3295707,561 63,Tenhult,Sverige
3488086,561 63,Tenhult,Sverige
3316092,562 31,Norrahammar,Sverige
3375844,562 42,Taberg,Sverige
3362711,563 32,Gränna,Sverige
3344822,564 32,Bankeryd,Sverige
3214747,564 33,Bankeryd,Sverige
3378440,564 35,Bankeryd,Sverige
3481274,565 29,Karlstad,Sverige
3208990,566 91,Habo,Sverige
3392323,571 37,Nässjö,Sverige
3371026,571 74,Äng,Sverige
3349636,571 74,Äng,Sverige
3349637,571 94,Nässjö,Sverige
3290363,571 94,Nässjö,Sverige
3350329,571 94,Nässjö,Sverige
3349633,571 94,Nässjö,Sverige
3310335,574 75,Korsberga,Sverige
3311502,574 76,Korsberga,Sverige
3209630,575 35,Eksjö,Sverige
3415547,582 16,Linköping,Sverige
3249816,582 20,Linköping,Sverige
3052476,582 22,Linköping,Sverige
3211586,582 27,Linköping,Sverige
3355381,582 30,Linköping,Sverige
3333288,582 39,Linköping,Sverige
3229045,582 42,Linköping,Sverige
3335841,582 45,Linköping,Sverige
3363877,582 45,Linköping,Sverige
3353577,582 46,Linköping,Sverige
3203292,582 49,Linköping,Sverige
3301944,582 55,Linköping,Sverige
3324021,582 72,Linköping,Sverige
3352335,582 74,Linköping,Sverige
3198128,583 29,Linköping,Sverige
3497708,583 31,Linköping,Sverige
3339683,583 32,Linköping,Sverige
3406516,583 33,Linköping,Sverige
3324761,583 34,Linköping,Sverige
3375854,583 34,Linköping,Sverige
3325091,583 36,Linköping,Sverige
3346645,583 36,Linköping,Sverige
3360560,583 36,Linköping,Sverige
3350831,583 72,Vikingstad,Sverige
3443740,583 72,Vikingstad,Sverige
3443737,583 92,Vikingstad,Sverige
3266471,583 93,Vikingstad,Sverige
3422826,584 31,Linköping,Sverige
3302228,584 36,Linköping,Sverige
3357103,584 37,Linköping,Sverige
3422891,584 37,Linköping,Sverige
3230937,585 63,Linghem,Sverige
3293217,585 65,Linghem,Sverige
3325125,585 65,Linghem,Sverige
3281355,585 65,Linghem,Sverige
3293736,585 65,Linghem,Sverige
3380764,585 65,Linghem,Sverige
3335529,585 78,Vreta Kloster,Sverige
3361414,585 78,Vreta Kloster,Sverige
3346129,585 91,Linköping,Sverige
3325517,585 91,Linköping,Sverige
3281774,585 91,Linköping,Sverige
3339964,585 96,Linköping,Sverige
3383668,586 62,Linköping,Sverige
3357984,586 63,Linköping,Sverige
3365110,586 63,Linköping,Sverige
3378579,586 65,Linköping,Sverige
3322165,587 23,Linköping,Sverige
3493283,587 29,Linköping,Sverige
3347579,587 29,Linköping,Sverige
3346538,587 29,Linköping,Sverige
3332067,587 29,Linköping,Sverige
3415760,587 31,Linköping,Sverige
3409463,587 31,Linköping,Sverige
3321460,587 31,Linköping,Sverige
3345274,587 31,Linköping,Sverige
3119617,587 35,Linköping,Sverige
3390980,587 37,Linköping,Sverige
3288896,587 37,Linköping,Sverige
3497539,587 37,Linköping,Sverige
3352649,587 39,Linköping,Sverige
3317585,587 39,Linköping,Sverige
3496688,587 39,Linköping,Sverige
3337187,587 39,Linköping,Sverige
3358248,587 39,Linköping,Sverige
3347037,587 58,Linköping,Sverige
3396036,589 29,Linköping,Sverige
3464338,589 33,Linköping,Sverige
3418441,589 35,Linköping,Sverige
3348734,589 35,Linköping,Sverige
3316116,589 35,Linköping,Sverige
3352281,589 35,Linköping,Sverige
3378360,589 37,Linköping,Sverige
3051249,589 37,Linköping,Sverige
3239570,589 43,Linköping,Sverige
3353454,589 50,Linköping,Sverige
3005330,589 50,Linköping,Sverige
3306162,589 51,Linköping,Sverige
3204491,589 51,Linköping,Sverige
3236501,589 61,Sturefors,Sverige
3292059,589 61,Sturefors,Sverige
3215785,589 61,Sturefors,Sverige
3362140,589 63,Sturefors,Sverige
3324134,589 64,Sturefors,Sverige
3472914,589 64,Sturefors,Sverige
3307752,590 36,Kisa,Sverige
3370564,590 38,Kisa,Sverige
3005215,590 38,Kisa,Sverige
3305620,590 38,Kisa,Sverige
3444668,590 44,Rimforsa,Sverige
3444658,590 44,Rimforsa,Sverige
3444657,590 44,Rimforsa,Sverige
3325246,590 45,Brokind,Sverige
3363037,591 37,Motala,Sverige
3350316,591 60,Motala,Sverige
3214860,591 77,Borensberg,Sverige
3356380,591 90,Tjällmo,Sverige
3006909,593 40,Västervik,Sverige
3314642,595 34,Mjölby,Sverige
3043769,595 51,Mjölby,Sverige
3371345,595 51,Mjölby,Sverige
3376735,595 54,Mjölby,Sverige
3371281,595 58,Mantorp,Sverige
3339445,596 93,Skänninge,Sverige
3399770,596 95,Väderstad,Sverige
3329872,597 94,Åtvidaberg,Sverige
3238268,597 94,Åtvidaberg,Sverige
3321343,602 08,Norrköping,Sverige
3345222,602 09,Norrköping,Sverige
3335360,602 09,Norrköping,Sverige
3445269,602 09,Norrköping,Sverige
3491042,602 11,Norrköping,Sverige
3378136,602 12,Norrköping,Sverige
3467139,602 12,Norrköping,Sverige
3502003,602 17,Norrköping,Sverige
3302433,602 18,Norrköping,Sverige
3489307,602 19,Norrköping,Sverige
3489303,602 19,Norrköping,Sverige
3320017,602 30,Norrköping,Sverige
3220191,602 30,Norrköping,Sverige
3234942,602 30,Norrköping,Sverige
3320309,602 41,Norrköping,Sverige
3319199,602 46,Norrköping,Sverige
3244975,603 52,Norrköping,Sverige
3248737,603 52,Norrköping,Sverige
3446197,603 66,Norrköping,Sverige
3489898,603 66,Norrköping,Sverige
3408940,605 70,Svärtinge,Sverige
3326951,605 80,Svärtinge,Sverige
3378484,605 80,Svärtinge,Sverige
3444188,605 99,Norrköping,Sverige
3346957,610 70,Vagnhärad,Sverige
3273867,611 36,Nyköping,Sverige
3278949,611 36,Nyköping,Sverige
3415796,611 37,Nyköping,Sverige
3373077,611 37,Nyköping,Sverige
3003023,611 37,Nyköping,Sverige
3340900,611 37,Nyköping,Sverige
3340899,611 37,Nyköping,Sverige
3384244,611 39,Nyköping,Sverige
3327108,611 57,Nyköping,Sverige
3345594,611 57,Nyköping,Sverige
3384301,611 67,Nyköping,Sverige
3343956,611 94,Nyköping,Sverige
3324845,611 95,Nyköping,Sverige
3288727,614 90,Söderköping,Sverige
3393404,617 71,Kimstad,Sverige
3393403,617 71,Kimstad,Sverige
3378742,619 00,Trosa,Sverige
3402331,619 31,Trosa,Sverige
3346951,619 32,Trosa,Sverige
3298279,619 32,Trosa,Sverige
3420836,619 33,Trosa,Sverige
3376118,619 33,Trosa,Sverige
3418642,619 33,Trosa,Sverige
3456073,619 35,Trosa,Sverige
3449336,619 91,Trosa,Sverige
3341305,619 91,Trosa,Sverige
3427030,619 91,Trosa,Sverige
3357234,621 40,Visby,Sverige
3411860,621 40,Visby,Sverige
3341398,621 43,Visby,Sverige
3417383,621 49,Visby,Sverige
3342984,621 49,Visby,Sverige
3343177,621 54,Visby,Sverige
3399855,621 55,Visby,Sverige
3362532,621 91,Visby,Sverige
3443615,623 21,Ljugarn,Sverige
3443611,623 48,Stånga,Sverige
3150543,633 47,Eskilstuna,Sverige
3307729,633 47,Eskilstuna,Sverige
3237840,635 17,Näshulta,Sverige
3314537,641 47,Katrineholm,Sverige
3004827,641 50,Katrineholm,Sverige
3207351,641 91,Katrineholm,Sverige
3098454,642 31,Flen,Sverige
3391813,642 35,Flen,Sverige
3391812,642 35,Flen,Sverige
3314390,643 91,Vingåker,Sverige
3340904,645 96,Stallarholmen,Sverige
3327157,645 96,Stallarholmen,Sverige
3360783,646 32,Gnesta,Sverige
3341798,646 32,Gnesta,Sverige
3407759,646 32,Gnesta,Sverige
3381402,646 32,Gnesta,Sverige
3325285,646 32,Gnesta,Sverige
3315697,646 32,Gnesta,Sverige
3364988,646 33,Gnesta,Sverige
3351091,646 34,Gnesta,Sverige
3125242,646 91,Gnesta,Sverige
3363790,646 92,Gnesta,Sverige
3364583,646 92,Gnesta,Sverige
3356358,646 92,Gnesta,Sverige
3306717,647 32,Mariefred,Sverige
3397506,653 40,Karlstad,Sverige
3381988,653 42,Karlstad,Sverige
3404141,653 49,Karlstad,Sverige
3453605,653 50,Karlstad,Sverige
3453614,653 50,Karlstad,Sverige
3319305,654 55,Karlstad,Sverige
3272553,654 61,Karlstad,Sverige
3275747,654 63,Karlstad,Sverige
3453746,654 69,Karlstad,Sverige
3450507,655 97,Molkom,Sverige
3186847,656 28,Karlstad,Sverige
3453844,656 71,Skattkärr,Sverige
3497519,662 50,Svanskog,Sverige
3397501,665 32,Kil,Sverige
3445668,665 35,Kil,Sverige
3495514,665 94,Fagerås,Sverige
3187223,667 32,Forshaga,Sverige
3327146,667 32,Forshaga,Sverige
3399200,667 32,Forshaga,Sverige
3296144,667 91,Forshaga,Sverige
3453350,668 32,Ed,Sverige
3453575,668 91,Ed,Sverige
3497607,671 91,Arvika,Sverige
3322023,681 40,Kristinehamn,Sverige
3272554,686 30,Sunne,Sverige
3442424,686 92,Sunne,Sverige
3393112,686 97,Lysvik,Sverige
3308814,692 33,Kumla,Sverige
3322936,692 71,Kumla,Sverige
3373386,692 72,Kumla,Sverige
3344538,692 72,Kumla,Sverige
3332152,692 73,Kumla,Sverige
3325393,697 91,Pålsboda,Sverige
3213492,702 19,Örebro,Sverige
3208191,702 19,Örebro,Sverige
3237437,702 54,Örebro,Sverige
3453468,703 43,Örebro,Sverige
3393210,703 48,Örebro,Sverige
3017145,703 49,Örebro,Sverige
3397249,703 52,Örebro,Sverige
3393208,703 60,Örebro,Sverige
3393209,703 60,Örebro,Sverige
3393207,703 60,Örebro,Sverige
3394281,703 65,Örebro,Sverige
3490816,703 67,Örebro,Sverige
3343094,703 75,Örebro,Sverige
3329178,705 91,Örebro,Sverige
3299012,705 92,Örebro,Sverige
3307391,713 30,Nora,Sverige
3299800,713 30,Nora,Sverige
3352218,713 30,Nora,Sverige
3110494,713 31,Nora,Sverige
3310592,713 33,Nora,Sverige
3453595,719 95,Vintrosa,Sverige
3296078,722 09,Västerås,Sverige
3389242,722 10,Västerås,Sverige
3310083,722 10,Västerås,Sverige
3321070,722 14,Västerås,Sverige
3344031,722 17,Västerås,Sverige
3409644,722 18,Västerås,Sverige
3407010,722 19,Västerås,Sverige
3310307,722 22,Västerås,Sverige
3359613,722 23,Västerås,Sverige
3278661,722 23,Västerås,Sverige
3281075,722 31,Västerås,Sverige
3378383,722 33,Västerås,Sverige
3314862,722 41,Västerås,Sverige
3309516,722 45,Västerås,Sverige
3383804,722 45,Västerås,Sverige
3408394,722 46,Västerås,Sverige
3345762,723 49,Västerås,Sverige
3374684,723 50,Västerås,Sverige
3340325,723 50,Västerås,Sverige
3353555,723 50,Västerås,Sverige
3486703,724 61,Västerås,Sverige
3337298,724 62,Västerås,Sverige
3268944,724 65,Västerås,Sverige
3210567,724 67,Västerås,Sverige
3256275,724 71,Västerås,Sverige
3383818,724 80,Västerås,Sverige
3324822,724 81,Västerås,Sverige
3407316,725 92,Västerås,Sverige
3414662,725 92,Västerås,Sverige
3232341,725 92,Västerås,Sverige
3318507,725 92,Västerås,Sverige
3317337,725 92,Västerås,Sverige
3327257,725 95,Västerås,Sverige
3407319,725 97,Västerås,Sverige
3364480,725 97,Västerås,Sverige
3345821,726 30,Skultuna,Sverige
3296516,733 35,Sala,Sverige
3383940,734 36,Hallstahammar,Sverige
3359440,734 40,Hallstahammar,Sverige
3275934,734 40,Hallstahammar,Sverige
3416564,738 91,Norberg,Sverige
3233395,738 92,Norberg,Sverige
3320467,741 30,Knivsta,Sverige
3322471,741 30,Knivsta,Sverige
3277638,741 31,Knivsta,Sverige
3271894,741 31,Knivsta,Sverige
3317577,741 31,Knivsta,Sverige
3232082,741 31,Knivsta,Sverige
3309290,741 31,Knivsta,Sverige
3215504,741 31,Knivsta,Sverige
3440396,741 31,Knivsta,Sverige
3344323,741 41,Knivsta,Sverige
3441563,741 41,Knivsta,Sverige
3411534,741 44,Knivsta,Sverige
3336892,741 45,Knivsta,Sverige
3381406,741 45,Knivsta,Sverige
3309196,741 45,Knivsta,Sverige
3321086,741 46,Knivsta,Sverige
3344496,741 46,Knivsta,Sverige
3259001,741 46,Knivsta,Sverige
3236833,741 46,Knivsta,Sverige
3384415,741 47,Knivsta,Sverige
3267065,741 52,Uppsala,Sverige
3343155,741 78,Uppsala,Sverige
3288506,741 78,Uppsala,Sverige
3353043,741 78,Uppsala,Sverige
3302979,741 91,Knivsta,Sverige
3310256,741 92,Knivsta,Sverige
3335420,741 92,Knivsta,Sverige
3347311,742 35,Östhammar,Sverige
3347312,742 35,Östhammar,Sverige
3190707,742 35,Östhammar,Sverige
3328472,742 35,Östhammar,Sverige
3321202,742 35,Östhammar,Sverige
3443075,743 32,Storvreta,Sverige
3443076,743 34,Storvreta,Sverige
3348856,743 34,Storvreta,Sverige
3373872,743 34,Storvreta,Sverige
3443068,743 35,Storvreta,Sverige
3302973,743 35,Storvreta,Sverige
3393962,743 35,Storvreta,Sverige
3393961,743 35,Storvreta,Sverige
3302986,743 35,Storvreta,Sverige
3397706,743 40,Storvreta,Sverige
3443071,743 41,Storvreta,Sverige
3489439,743 50,Vattholma,Sverige
3352692,743 94,Skyttorp,Sverige
3236936,745 69,Enköping,Sverige
3293491,746 31,Bålsta,Sverige
3317314,746 93,Bålsta,Sverige
3427817,746 96,Skokloster,Sverige
3361343,747 91,Alunda,Sverige
3430102,749 41,Enköping,Sverige
3322929,749 63,Örsundsbro,Sverige
3365134,752 18,Uppsala,Sverige
3372491,752 20,Uppsala,Sverige
3303370,752 27,Uppsala,Sverige
3373089,752 27,Uppsala,Sverige
3342052,752 27,Uppsala,Sverige
3321765,752 29,Uppsala,Sverige
3426514,752 29,Uppsala,Sverige
3274580,752 34,Uppsala,Sverige
3205755,752 34,Uppsala,Sverige
3323703,752 37,Uppsala,Sverige
3305179,752 37,Uppsala,Sverige
3435956,752 39,Uppsala,Sverige
3357007,752 39,Uppsala,Sverige
3381877,752 39,Uppsala,Sverige
3359139,752 60,Uppsala,Sverige
3226894,752 61,Uppsala,Sverige
3322392,752 63,Uppsala,Sverige
3373141,752 63,Uppsala,Sverige
3342338,752 63,Uppsala,Sverige
3340883,752 63,Uppsala,Sverige
3372554,752 63,Uppsala,Sverige
3427090,752 63,Uppsala,Sverige
3334544,752 63,Uppsala,Sverige
3255638,752 67,Uppsala,Sverige
3192172,752 71,Uppsala,Sverige
3243843,752 72,Uppsala,Sverige
3278775,752 72,Uppsala,Sverige
3279299,752 73,Uppsala,Sverige
3317867,753 08,Uppsala,Sverige
3296603,753 12,Uppsala,Sverige
3319201,753 14,Uppsala,Sverige
3317534,753 14,Uppsala,Sverige
3367387,753 16,Uppsala,Sverige
3435244,753 17,Uppsala,Sverige
3228657,753 20,Uppsala,Sverige
3321737,753 21,Uppsala,Sverige
3321748,753 21,Uppsala,Sverige
3341946,753 22,Uppsala,Sverige
3415543,753 24,Uppsala,Sverige
3322104,753 24,Uppsala,Sverige
3353015,753 24,Uppsala,Sverige
3353016,753 24,Uppsala,Sverige
3013336,753 25,Uppsala,Sverige
3318415,753 29,Uppsala,Sverige
3316142,753 29,Uppsala,Sverige
3171440,753 30,Uppsala,Sverige
3396185,753 33,Uppsala,Sverige
3355677,753 33,Uppsala,Sverige
3280300,753 34,Uppsala,Sverige
3313252,753 34,Uppsala,Sverige
3314281,753 34,Uppsala,Sverige
3228662,753 34,Uppsala,Sverige
3342801,753 36,Uppsala,Sverige
3343352,753 37,Uppsala,Sverige
3425765,753 37,Uppsala,Sverige
3230306,754 23,Uppsala,Sverige
3383539,754 30,Uppsala,Sverige
3110051,754 33,Uppsala,Sverige
3287197,754 34,Uppsala,Sverige
3302397,754 34,Uppsala,Sverige
3287199,754 40,Uppsala,Sverige
3322387,754 40,Uppsala,Sverige
3148636,754 41,Uppsala,Sverige
3322380,754 41,Uppsala,Sverige
3339500,754 41,Uppsala,Sverige
3186690,754 44,Uppsala,Sverige
3163400,754 44,Uppsala,Sverige
3294432,754 45,Uppsala,Sverige
3338529,754 71,Uppsala,Sverige
3345448,754 71,Uppsala,Sverige
3342264,755 78,Vänge,Sverige
3328741,755 91,Uppsala,Sverige
3375201,755 91,Uppsala,Sverige
3321767,755 91,Uppsala,Sverige
3379714,755 91,Uppsala,Sverige
3394809,755 91,Uppsala,Sverige
3202041,755 91,Uppsala,Sverige
3322946,755 97,Uppsala,Sverige
3391531,755 98,Uppsala,Sverige
3347849,756 43,Uppsala,Sverige
3331425,756 45,Uppsala,Sverige
3321761,756 45,Uppsala,Sverige
3360361,756 45,Uppsala,Sverige
3266479,756 45,Uppsala,Sverige
3322398,756 45,Uppsala,Sverige
3321764,756 46,Uppsala,Sverige
3323138,756 46,Uppsala,Sverige
3470278,756 47,Uppsala,Sverige
3322382,756 47,Uppsala,Sverige
3321766,756 47,Uppsala,Sverige
3425913,756 50,Uppsala,Sverige
3315563,756 51,Uppsala,Sverige
3328826,756 51,Uppsala,Sverige
3322231,756 51,Uppsala,Sverige
3255435,756 51,Uppsala,Sverige
3259648,756 52,Uppsala,Sverige
3340434,756 52,Uppsala,Sverige
3337872,756 53,Uppsala,Sverige
3358887,756 53,Uppsala,Sverige
3358886,756 53,Uppsala,Sverige
3312686,756 53,Uppsala,Sverige
3324449,756 54,Uppsala,Sverige
3425329,756 59,Uppsala,Sverige
3314877,757 52,Uppsala,Sverige
3323704,757 52,Uppsala,Sverige
3230031,757 52,Uppsala,Sverige
3305697,757 52,Uppsala,Sverige
3328374,757 55,Uppsala,Sverige
3296860,757 55,Uppsala,Sverige
3375227,757 56,Uppsala,Sverige
3381524,757 56,Uppsala,Sverige
3296881,757 56,Uppsala,Sverige
3314883,757 57,Uppsala,Sverige
3427018,757 57,Uppsala,Sverige
3323702,757 57,Uppsala,Sverige
3384887,757 57,Uppsala,Sverige
3222679,757 58,Uppsala,Sverige
3328242,757 59,Uppsala,Sverige
3296863,757 59,Uppsala,Sverige
3151382,761 33,Norrtälje,Sverige
3003494,761 40,Norrtälje,Sverige
3307904,761 75,Norrtälje,Sverige
3318523,762 93,Rö,Sverige
3386008,774 32,Avesta,Sverige
3313765,776 70,Vikmanshyttan,Sverige
3400433,776 74,Stjärnsund,Sverige
3326943,776 96,Dala-Husby,Sverige
3368093,781 60,Gustafs,Sverige
3319147,781 68,Borlänge,Sverige
3486534,781 95,Borlänge,Sverige
3325595,782 33,Malung,Sverige
3336697,782 34,Malung,Sverige
3325601,782 90,Malung,Sverige
3384564,782 90,Malung,Sverige
3366918,782 90,Malung,Sverige
3442645,783 92,Stora Skedvi,Sverige
3329075,784 44,Borlänge,Sverige
3314023,784 44,Borlänge,Sverige
3310097,784 65,Borlänge,Sverige
3338614,784 65,Borlänge,Sverige
3382332,784 65,BORLÄNGE,Sverige
3422983,784 68,Borlänge,Sverige
3418776,784 68,Borlänge,Sverige
3014668,785 63,Sifferbo,Sverige
3296403,785 63,Sifferbo,Sverige
3330922,785 63,Sifferbo,Sverige
3249933,790 15,Sundborn,Sverige
3324275,790 15,Sundborn,Sverige
3072810,790 23,Svärdsjö,Sverige
3298290,791 33,Falun,Sverige
3324287,791 33,Falun,Sverige
3279362,791 33,Falun,Sverige
3319135,791 33,Falun,Sverige
3236127,791 33,Falun,Sverige
3358594,791 33,Falun,Sverige
3324320,791 33,Falun,Sverige
3343936,791 33,Falun,Sverige
3381736,791 34,Falun,Sverige
3336641,791 35,Falun,Sverige
3290943,791 36,Falun,Sverige
3290697,791 36,Falun,Sverige
3014708,791 36,Falun,Sverige
3363591,791 37,Falun,Sverige
3319134,791 37,Falun,Sverige
3341759,791 47,Falun,Sverige
3362516,791 53,Falun,Sverige
3331975,791 53,Falun,Sverige
3331976,791 53,Falun,Sverige
3338437,791 53,Falun,Sverige
3336083,791 61,Falun,Sverige
3248822,791 62,Falun,Sverige
3343907,791 73,Falun,Sverige
3342620,791 73,Falun,Sverige
3353448,791 94,Falun,Sverige
3203938,791 94,Falun,Sverige
3357048,791 94,Falun,Sverige
3374890,791 96,Falun,Sverige
3330872,795 33,Rättvik,Sverige
3312256,795 35,Rättvik,Sverige
3327510,802 57,Gävle,Sverige
3361855,802 57,Gävle,Sverige
3363779,802 62,Gävle,Sverige
3357233,802 64,Gävle,Sverige
3328167,802 64,Gävle,Sverige
3146273,802 64,Gävle,Sverige
3348368,802 74,Gävle,Sverige
3311300,802 75,Gävle,Sverige
3311523,802 85,Gävle,Sverige
3433457,804 24,Gävle,Sverige
3452709,804 28,Gävle,Sverige
3360036,804 28,Gävle,Sverige
3375957,804 31,Gävle,Sverige
3376856,804 32,Gävle,Sverige
3378191,804 33,Gävle,Sverige
3267013,806 30,Gävle,Sverige
3357003,806 35,Gävle,Sverige
3356627,811 34,Sandviken,Sverige
3340196,811 62,Sandviken,Sverige
3367731,814 94,Älvkarleby,Sverige
3351772,818 33,Valbo,Sverige
3383582,818 92,Valbo,Sverige
3206601,821 32,Bollnäs,Sverige
3356271,826 77,Ljusne,Sverige
3453594,831 39,Östersund,Sverige
3315488,831 42,Östersund,Sverige
3453458,831 43,Östersund,Sverige
3342539,831 44,Östersund,Sverige
3331290,831 44,Östersund,Sverige
3087988,831 47,Östersund,Sverige
3302108,831 62,Östersund,Sverige
3373363,831 62,Östersund,Sverige
3327701,831 62,Östersund,Sverige
3327418,831 64,Östersund,Sverige
3255545,831 66,Östersund,Sverige
3266349,831 66,Östersund,Sverige
3143121,831 96,Lit,Sverige
3417298,832 43,Frösön,Sverige
3357376,832 96,Frösön,Sverige
3344034,835 94,Aspås,Sverige
3335198,836 31,Lit,Sverige
3374486,836 31,Lit,Sverige
3321196,836 31,Lit,Sverige
3324958,836 91,Lit,Sverige
3321200,836 92,Lit,Sverige
3352612,836 92,Lit,Sverige
3321201,836 92,Lit,Sverige
3302804,852 41,Sundsvall,Sverige
3393725,852 41,Sundsvall,Sverige
3302825,853 56,Sundsvall,Sverige
3302828,853 56,Sundsvall,Sverige
3220618,855 91,Sundsvall,Sverige
3026341,857 40,Sundsvall,Sverige
3330079,857 51,Sundsvall,Sverige
3330092,857 52,Sundsvall,Sverige
3308637,860 13,Stöde,Sverige
3302193,863 32,Sundsbruk,Sverige
3250313,871 65,Härnösand,Sverige
3375271,871 95,Älandsbro,Sverige
3334022,871 95,Älandsbro,Sverige
3217872,903 20,Umeå,Sverige
3177687,903 32,Umeå,Sverige
3231685,903 39,Umeå,Sverige
3353455,903 46,Umeå,Sverige
3385989,903 46,Umeå,Sverige
3383136,903 53,Umeå,Sverige
3340547,903 54,Umeå,Sverige
3273405,903 54,Umeå,Sverige
3387796,903 54,Umeå,Sverige
3481316,904 21,Umeå,Sverige
3489048,904 31,Umeå,Sverige
3231720,904 32,Umeå,Sverige
3381808,904 40,Röbäck,Sverige
3184927,904 40,Röbäck,Sverige
3394579,905 82,Umeå,Sverige
3337867,905 82,Umeå,Sverige
3271408,906 37,Umeå,Sverige
3231683,906 52,Umeå,Sverige
3266111,907 29,Umeå,Sverige
3208500,907 30,Umeå,Sverige
3236470,907 31,Umeå,Sverige
3273428,907 31,Umeå,Sverige
3354922,907 52,Umeå,Sverige
3453647,915 34,Ånäset,Sverige
3453677,915 94,Ånäset,Sverige
3405638,918 31,Sävar,Sverige
3270465,918 31,Sävar,Sverige
3326642,918 31,Sävar,Sverige
3432894,922 67,Tavelsjö,Sverige
3442310,924 93,Gargnäs,Sverige
3302538,925 93,Hemavan,Sverige
3376896,931 64,Skellefteå,Sverige
3303553,933 34,Arvidsjaur,Sverige
3319074,933 34,Arvidsjaur,Sverige
3442308,939 93,Malå,Sverige
3377064,941 53,Piteå,Sverige
3340425,954 41,Södra Sunderbyn,Sverige
3361615,973 31,Luleå,Sverige
3333821,974 43,Luleå,Sverige
3325932,974 43,Luleå,Sverige
3095926,974 52,Luleå,Sverige
3167550,974 52,Luleå,Sverige
3368696,974 55,Luleå,Sverige
3325964,974 55,Luleå,Sverige
3382279,975 93,Luleå,Sverige
3397111,976 32,Luleå,Sverige
3010340,981 07,Abisko,Sverige
3091353,981 35,Kiruna,Sverige
